text_num,grade_level,stride_len,stride_index,n_gram,noun_tr,verb_tr,type_tr,lex_density,lex_foreign,sent_len,word_len,word_num,syll_num,poly_num
420,0,1,0,ako,0.0,0.0,1.0,0.0,0.0,,3.0,,1.0,0
420,0,1,1,si,0.0,0.0,1.0,0.0,0.0,,2.0,,0.0,0
420,0,1,2,Ivy,1.0,0.0,1.0,1.0,1.0,,3.0,,0.0,0
420,0,1,3,sina,0.0,0.0,1.0,0.0,0.0,,4.0,,1.0,0
420,0,1,4,John,1.0,0.0,1.0,1.0,0.0,,4.0,,1.0,0
420,0,1,5,at,0.0,0.0,1.0,0.0,0.0,,2.0,,0.0,0
420,0,1,6,Duchess,1.0,0.0,1.0,1.0,1.0,,7.0,,2.0,0
420,0,1,7,ang,0.0,0.0,1.0,0.0,0.0,,3.0,,1.0,0
420,0,1,8,aking,0.0,0.0,1.0,0.0,0.0,,5.0,,2.0,0
420,0,1,9,mga,0.0,0.0,1.0,0.0,0.0,,3.0,,1.0,0
420,0,1,10,kapatid,1.0,0.0,1.0,1.0,0.0,,7.0,,3.0,0
420,0,1,11,pumunta,0.0,1.0,1.0,1.0,0.0,,7.0,,3.0,0
420,0,1,12,kami,0.0,0.0,1.0,0.0,0.0,,4.0,,2.0,0
420,0,1,13,sa,0.0,0.0,1.0,0.0,0.0,,2.0,,0.0,0
420,0,1,14,simbahan,1.0,0.0,1.0,1.0,0.0,,8.0,,2.0,0
420,0,2,0,ako si,0.0,0.0,1.0,0.0,0.0,,2.5,,0.5,0
420,0,2,1,si Ivy,0.5,0.0,1.0,0.5,0.5,,2.5,,0.0,0
420,0,2,2,Ivy sina,0.5,0.0,1.0,0.5,0.5,,3.5,,0.5,0
420,0,2,3,sina John,0.5,0.0,1.0,0.5,0.0,,4.0,,1.0,0
420,0,2,4,John at,0.5,0.0,1.0,0.5,0.0,,3.0,,0.5,0
420,0,2,5,at Duchess,0.5,0.0,1.0,0.5,0.5,,4.5,,1.0,0
420,0,2,6,Duchess ang,0.5,0.0,1.0,0.5,0.5,,5.0,,1.5,0
420,0,2,7,ang aking,0.0,0.0,1.0,0.0,0.0,,4.0,,1.5,0
420,0,2,8,aking mga,0.0,0.0,1.0,0.0,0.0,,4.0,,1.5,0
420,0,2,9,mga kapatid,0.5,0.0,1.0,0.5,0.0,,5.0,,2.0,0
420,0,2,10,kapatid pumunta,0.5,0.5,1.0,1.0,0.0,,7.0,,3.0,0
420,0,2,11,pumunta kami,0.0,0.5,1.0,0.5,0.0,,5.5,,2.5,0
420,0,2,12,kami sa,0.0,0.0,1.0,0.0,0.0,,3.0,,1.0,0
420,0,2,13,sa simbahan,0.5,0.0,1.0,0.5,0.0,,5.0,,1.0,0
420,0,3,0,ako si Ivy,0.3333,0.0,1.0,0.3333,0.3333,,2.667,,0.3333,0
420,0,3,1,si Ivy sina,0.3333,0.0,1.0,0.3333,0.3333,,3.0,,0.3333,0
420,0,3,2,Ivy sina John,0.6667,0.0,1.0,0.6667,0.3333,,3.667,,0.6667,0
420,0,3,3,sina John at,0.3333,0.0,1.0,0.3333,0.0,,3.333,,0.6667,0
420,0,3,4,John at Duchess,0.6667,0.0,1.0,0.6667,0.3333,,4.333,,1.0,0
420,0,3,5,at Duchess ang,0.3333,0.0,1.0,0.3333,0.3333,,4.0,,1.0,0
420,0,3,6,Duchess ang aking,0.3333,0.0,1.0,0.3333,0.3333,,5.0,,1.667,0
420,0,3,7,ang aking mga,0.0,0.0,1.0,0.0,0.0,,3.667,,1.333,0
420,0,3,8,aking mga kapatid,0.3333,0.0,1.0,0.3333,0.0,,5.0,,2.0,0
420,0,3,9,mga kapatid pumunta,0.3333,0.3333,1.0,0.6667,0.0,,5.667,,2.333,0
420,0,3,10,kapatid pumunta kami,0.3333,0.3333,1.0,0.6667,0.0,,6.0,,2.667,0
420,0,3,11,pumunta kami sa,0.0,0.3333,1.0,0.3333,0.0,,4.333,,1.667,0
420,0,3,12,kami sa simbahan,0.3333,0.0,1.0,0.3333,0.0,,4.667,,1.333,0
420,0,11,0,ako si Ivy sina John at Duchess ang aking mga kapatid,0.3636,0.0,1.0,0.3636,0.1818,,3.909,,1.091,0
420,0,4,1,pumunta kami sa simbahan,0.25,0.25,1.0,0.5,0.0,,5.25,,1.75,0
420,0,3,0,ako si Ivy,0.3333,0.0,1.0,0.3333,0.3333,,2.667,,0.3333,0
420,0,8,1,sina John at Duchess ang aking mga kapatid,0.375,0.0,1.0,0.375,0.125,,4.375,,1.375,0
19,0,1,0,si,0.0,0.0,1.0,0.0,0.0,,2.0,,0.0,0
19,0,1,1,Maya,1.0,0.0,1.0,1.0,0.0,,4.0,,1.0,0
19,0,1,2,ay,0.0,0.0,1.0,0.0,0.0,,2.0,,0.0,0
19,0,1,3,pangalawa,0.0,0.0,1.0,1.0,0.0,,9.0,,4.0,1
19,0,1,4,sa,0.0,0.0,1.0,0.0,0.0,,2.0,,0.0,0
19,0,1,5,tatlong,0.0,0.0,1.0,1.0,0.0,,7.0,,3.0,0
19,0,1,6,magkakapatid,1.0,0.0,1.0,1.0,0.0,,12.0,,5.0,1
19,0,1,7,nakatira,0.0,1.0,1.0,1.0,0.0,,8.0,,4.0,1
19,0,1,8,sila,0.0,0.0,1.0,0.0,0.0,,4.0,,1.0,0
19,0,1,9,sa,0.0,0.0,1.0,0.0,0.0,,2.0,,0.0,0
19,0,1,10,abang,0.0,0.0,1.0,1.0,0.0,,5.0,,2.0,0
19,0,1,11,tahanan,1.0,0.0,1.0,1.0,0.0,,7.0,,3.0,0
19,0,1,12,ng,0.0,0.0,1.0,0.0,0.0,,2.0,,1.0,0
19,0,1,13,Barangay,1.0,0.0,1.0,1.0,0.0,,8.0,,3.0,0
19,0,1,14,San,1.0,0.0,1.0,1.0,0.0,,3.0,,0.0,0
19,0,1,15,Isidro,1.0,0.0,1.0,1.0,0.0,,6.0,,1.0,0
19,0,1,16,lungsod,1.0,0.0,1.0,1.0,0.0,,7.0,,2.0,0
19,0,1,17,ng,0.0,0.0,1.0,0.0,0.0,,2.0,,1.0,0
19,0,1,18,Heneral,1.0,0.0,1.0,1.0,0.0,,7.0,,3.0,0
19,0,1,19,Santos,1.0,0.0,1.0,1.0,0.0,,6.0,,1.0,0
19,0,1,20,Mapagmahal,1.0,0.0,1.0,1.0,0.0,,10.0,,4.0,1
19,0,1,21,ang,0.0,0.0,1.0,0.0,0.0,,3.0,,1.0,0
19,0,1,22,kanyang,0.0,0.0,1.0,0.0,0.0,,7.0,,2.0,0
19,0,1,23,mga,0.0,0.0,1.0,0.0,0.0,,3.0,,1.0,0
19,0,1,24,magulang,1.0,0.0,1.0,1.0,0.0,,8.0,,4.0,1
19,0,1,25,na,0.0,0.0,1.0,0.0,0.0,,2.0,,1.0,0
19,0,1,26,sina,0.0,0.0,1.0,0.0,0.0,,4.0,,1.0,0
19,0,1,27,Mang,1.0,0.0,1.0,1.0,0.0,,4.0,,2.0,0
19,0,1,28,Mando,1.0,0.0,1.0,1.0,0.0,,5.0,,2.0,0
19,0,1,29,at,0.0,0.0,1.0,0.0,0.0,,2.0,,0.0,0
19,0,1,30,aling,0.0,0.0,1.0,0.0,0.0,,5.0,,2.0,0
19,0,1,31,Memay,1.0,0.0,1.0,1.0,0.0,,5.0,,2.0,0
19,0,1,32,Mahilig,1.0,0.0,1.0,1.0,0.0,,7.0,,3.0,0
19,0,1,33,maglaro,0.0,1.0,1.0,1.0,0.0,,7.0,,3.0,0
19,0,1,34,si,0.0,0.0,1.0,0.0,0.0,,2.0,,0.0,0
19,0,1,35,Maya,1.0,0.0,1.0,1.0,0.0,,4.0,,1.0,0
19,0,1,36,sa,0.0,0.0,1.0,0.0,0.0,,2.0,,0.0,0
19,0,1,37,kanyang,0.0,0.0,1.0,0.0,0.0,,7.0,,2.0,0
19,0,1,38,manika,1.0,0.0,1.0,1.0,0.0,,6.0,,3.0,0
19,0,1,39,na,0.0,0.0,1.0,0.0,0.0,,2.0,,1.0,0
19,0,1,40,bigay,0.0,1.0,1.0,1.0,0.0,,5.0,,2.0,0
19,0,1,41,ng,0.0,0.0,1.0,0.0,0.0,,2.0,,1.0,0
19,0,1,42,kanyang,0.0,0.0,1.0,0.0,0.0,,7.0,,2.0,0
19,0,1,43,Ante,1.0,0.0,1.0,1.0,0.0,,4.0,,1.0,0
19,0,1,44,Anna,1.0,0.0,1.0,1.0,0.0,,4.0,,1.0,0
19,0,1,45,Araw,1.0,0.0,1.0,1.0,0.0,,4.0,,1.0,0
19,0,1,46,ng,0.0,0.0,1.0,0.0,0.0,,2.0,,1.0,0
19,0,1,47,Sabado,1.0,0.0,1.0,1.0,0.0,,6.0,,2.0,0
19,0,1,48,naglalaro,0.0,1.0,1.0,1.0,0.0,,9.0,,4.0,1
19,0,1,49,ang,0.0,0.0,1.0,0.0,0.0,,3.0,,1.0,0
19,0,1,50,magkakapatid,1.0,0.0,1.0,1.0,0.0,,12.0,,5.0,1
19,0,1,51,Kuya,1.0,0.0,1.0,1.0,0.0,,4.0,,1.0,0
19,0,1,52,Miguel,1.0,0.0,1.0,1.0,0.0,,6.0,,2.0,0
19,0,1,53,maglalaro,0.0,1.0,1.0,1.0,0.0,,9.0,,4.0,1
19,0,1,54,tayo,0.0,0.0,1.0,0.0,0.0,,4.0,,1.0,0
19,0,1,55,ng,0.0,0.0,1.0,0.0,0.0,,2.0,,1.0,0
19,0,1,56,manika,1.0,0.0,1.0,1.0,0.0,,6.0,,3.0,0
19,0,1,57,ko,0.0,0.0,1.0,0.0,0.0,,2.0,,1.0,0
19,0,1,58,tawag,1.0,0.0,1.0,1.0,0.0,,5.0,,2.0,0
19,0,1,59,ni,0.0,0.0,1.0,0.0,0.0,,2.0,,1.0,0
19,0,1,60,Maya,1.0,0.0,1.0,1.0,0.0,,4.0,,1.0,0
19,0,1,61,sa,0.0,0.0,1.0,0.0,0.0,,2.0,,0.0,0
19,0,1,62,kanyang,0.0,0.0,1.0,0.0,0.0,,7.0,,2.0,0
19,0,1,63,nakatatandang,0.0,0.0,1.0,1.0,0.0,,13.0,,6.0,1
19,0,1,64,kapatid,1.0,0.0,1.0,1.0,0.0,,7.0,,3.0,0
19,0,1,65,Bog,1.0,0.0,1.0,1.0,0.0,,3.0,,1.0,0
19,0,1,66,#Bog,1.0,0.0,1.0,1.0,0.0,,4.0,,1.0,0
19,0,1,67,#Bog,1.0,0.0,1.0,1.0,0.0,,4.0,,1.0,0
19,0,1,68,sandali,0.0,0.0,1.0,1.0,0.0,,7.0,,2.0,0
19,0,1,69,lamang,0.0,0.0,1.0,1.0,0.0,,6.0,,3.0,0
19,0,1,70,naglalaro,0.0,1.0,1.0,1.0,0.0,,9.0,,4.0,1
19,0,1,71,pa,0.0,0.0,1.0,1.0,0.0,,2.0,,1.0,0
19,0,1,72,kami,0.0,0.0,1.0,0.0,0.0,,4.0,,2.0,0
19,0,1,73,ni,0.0,0.0,1.0,0.0,0.0,,2.0,,1.0,0
19,0,1,74,Marco,1.0,0.0,1.0,1.0,0.0,,5.0,,2.0,0
19,0,1,75,ng,0.0,0.0,1.0,0.0,0.0,,2.0,,1.0,0
19,0,1,76,basketball,1.0,0.0,1.0,1.0,0.0,,10.0,,3.0,0
19,0,1,77,tugon,1.0,0.0,1.0,1.0,0.0,,5.0,,2.0,0
19,0,1,78,naman,0.0,0.0,1.0,1.0,0.0,,5.0,,2.0,0
19,0,1,79,ng,0.0,0.0,1.0,0.0,0.0,,2.0,,1.0,0
19,0,1,80,kanyang,0.0,0.0,1.0,0.0,0.0,,7.0,,2.0,0
19,0,1,81,Kuya,1.0,0.0,1.0,1.0,0.0,,4.0,,1.0,0
19,0,1,82,Miguel,1.0,0.0,1.0,1.0,0.0,,6.0,,2.0,0
19,0,1,83,si,0.0,0.0,1.0,0.0,0.0,,2.0,,0.0,0
19,0,1,84,Marco,1.0,0.0,1.0,1.0,0.0,,5.0,,2.0,0
19,0,1,85,ay,0.0,0.0,1.0,0.0,0.0,,2.0,,0.0,0
19,0,1,86,ang,0.0,0.0,1.0,0.0,0.0,,3.0,,1.0,0
19,0,1,87,kanilang,0.0,0.0,1.0,0.0,0.0,,8.0,,4.0,1
19,0,1,88,nakababatang,0.0,0.0,1.0,1.0,0.0,,12.0,,6.0,1
19,0,1,89,kapatid,1.0,0.0,1.0,1.0,0.0,,7.0,,3.0,0
19,0,1,90,Mag-isa,1.0,0.0,1.0,1.0,0.0,,7.0,,1.0,0
19,0,1,91,na,0.0,0.0,1.0,0.0,0.0,,2.0,,1.0,0
19,0,1,92,lamang,0.0,0.0,1.0,1.0,0.0,,6.0,,3.0,0
19,0,1,93,naglaro,0.0,1.0,1.0,1.0,0.0,,7.0,,3.0,0
19,0,1,94,si,0.0,0.0,1.0,0.0,0.0,,2.0,,0.0,0
19,0,1,95,Maya,1.0,0.0,1.0,1.0,0.0,,4.0,,1.0,0
19,0,1,96,sa,0.0,0.0,1.0,0.0,0.0,,2.0,,0.0,0
19,0,1,97,kanyang,0.0,0.0,1.0,0.0,0.0,,7.0,,2.0,0
19,0,1,98,manika,1.0,0.0,1.0,1.0,0.0,,6.0,,3.0,0
19,0,1,99,na,0.0,0.0,1.0,0.0,0.0,,2.0,,1.0,0
19,0,1,100,pinangalanan,0.0,1.0,1.0,1.0,0.0,,12.0,,5.0,1
19,0,1,101,niyang,0.0,0.0,1.0,0.0,0.0,,6.0,,2.0,0
19,0,1,102,Meya,1.0,0.0,1.0,1.0,0.0,,4.0,,1.0,0
19,0,1,103,Mmmmm,1.0,0.0,1.0,1.0,0.0,,5.0,,0.0,0
19,0,1,104,mmmmm,0.0,0.0,1.0,0.0,0.0,,5.0,,0.0,0
19,0,1,105,tulog,1.0,0.0,1.0,1.0,0.0,,5.0,,2.0,0
19,0,1,106,na,0.0,0.0,1.0,0.0,0.0,,2.0,,1.0,0
19,0,1,107,tulog,1.0,0.0,1.0,1.0,0.0,,5.0,,2.0,0
19,0,1,108,na,0.0,0.0,1.0,0.0,0.0,,2.0,,1.0,0
19,0,1,109,Meya,1.0,0.0,1.0,1.0,0.0,,4.0,,1.0,0
19,0,1,110,kong,0.0,0.0,1.0,0.0,0.0,,4.0,,2.0,0
19,0,1,111,mahal,0.0,0.0,1.0,1.0,0.0,,5.0,,2.0,0
19,0,1,112,Awit,1.0,0.0,1.0,1.0,0.0,,4.0,,1.0,0
19,0,1,113,ni,0.0,0.0,1.0,0.0,0.0,,2.0,,1.0,0
19,0,1,114,Maya,1.0,0.0,1.0,1.0,0.0,,4.0,,1.0,0
19,0,1,115,habang,0.0,0.0,1.0,1.0,0.0,,6.0,,3.0,0
19,0,1,116,inuugoy,0.0,1.0,1.0,1.0,0.0,,7.0,,2.0,0
19,0,1,117,ang,0.0,0.0,1.0,0.0,0.0,,3.0,,1.0,0
19,0,1,118,kanyang,0.0,0.0,1.0,0.0,0.0,,7.0,,2.0,0
19,0,1,119,manika,1.0,0.0,1.0,1.0,0.0,,6.0,,3.0,0
19,0,1,120,inilapag,0.0,1.0,1.0,1.0,0.0,,8.0,,3.0,0
19,0,1,121,niya,0.0,0.0,1.0,0.0,0.0,,4.0,,1.0,0
19,0,1,122,ito,0.0,0.0,1.0,0.0,0.0,,3.0,,1.0,0
19,0,1,123,sa,0.0,0.0,1.0,0.0,0.0,,2.0,,0.0,0
19,0,1,124,loob,1.0,0.0,1.0,1.0,0.0,,4.0,,1.0,0
19,0,1,125,ng,0.0,0.0,1.0,0.0,0.0,,2.0,,1.0,0
19,0,1,126,kahon,1.0,0.0,1.0,1.0,0.0,,5.0,,2.0,0
19,0,1,127,bilang,0.0,0.0,1.0,0.0,0.0,,6.0,,3.0,0
19,0,1,128,kama,1.0,0.0,1.0,1.0,0.0,,4.0,,2.0,0
19,0,1,129,ng,0.0,0.0,1.0,0.0,0.0,,2.0,,1.0,0
19,0,1,130,kanyang,0.0,0.0,1.0,0.0,0.0,,7.0,,2.0,0
19,0,1,131,manika,1.0,0.0,1.0,1.0,0.0,,6.0,,3.0,0
19,0,1,132,pumunta,0.0,1.0,1.0,1.0,0.0,,7.0,,3.0,0
19,0,1,133,si,0.0,0.0,1.0,0.0,0.0,,2.0,,0.0,0
19,0,1,134,Maya,1.0,0.0,1.0,1.0,0.0,,4.0,,1.0,0
19,0,1,135,sa,0.0,0.0,1.0,0.0,0.0,,2.0,,0.0,0
19,0,1,136,kusina,1.0,0.0,1.0,1.0,0.0,,6.0,,2.0,0
19,0,1,137,upang,0.0,0.0,1.0,0.0,0.0,,5.0,,2.0,0
19,0,1,138,uminom,0.0,1.0,1.0,1.0,0.0,,6.0,,2.0,0
19,0,1,139,ng,0.0,0.0,1.0,0.0,0.0,,2.0,,1.0,0
19,0,1,140,tubig,1.0,0.0,1.0,1.0,0.0,,5.0,,2.0,0
19,0,1,141,nakita,0.0,1.0,1.0,1.0,0.0,,6.0,,3.0,0
19,0,1,142,niya,0.0,0.0,1.0,0.0,0.0,,4.0,,1.0,0
19,0,1,143,sa,0.0,0.0,1.0,0.0,0.0,,2.0,,0.0,0
19,0,1,144,labas,0.0,0.0,1.0,1.0,0.0,,5.0,,2.0,0
19,0,1,145,ang,0.0,0.0,1.0,0.0,0.0,,3.0,,1.0,0
19,0,1,146,dalawa,0.0,0.0,1.0,0.0,0.0,,6.0,,3.0,0
19,0,1,147,niyang,0.0,0.0,1.0,0.0,0.0,,6.0,,2.0,0
19,0,1,148,kapatid,1.0,0.0,1.0,1.0,0.0,,7.0,,3.0,0
19,0,1,149,na,0.0,0.0,1.0,0.0,0.0,,2.0,,1.0,0
19,0,1,150,naglalaro,0.0,1.0,1.0,1.0,0.0,,9.0,,4.0,1
19,0,1,151,ng,0.0,0.0,1.0,0.0,0.0,,2.0,,1.0,0
19,0,1,152,bola,1.0,0.0,1.0,1.0,0.0,,4.0,,2.0,0
19,0,1,153,Kuya,1.0,0.0,1.0,1.0,0.0,,4.0,,1.0,0
19,0,1,154,Miguel,1.0,0.0,1.0,1.0,0.0,,6.0,,2.0,0
19,0,1,155,ipasa,0.0,1.0,1.0,1.0,0.0,,5.0,,1.0,0
19,0,1,156,mo,0.0,0.0,1.0,0.0,0.0,,2.0,,1.0,0
19,0,1,157,rin,0.0,0.0,1.0,1.0,0.0,,3.0,,1.0,0
19,0,1,158,sa,0.0,0.0,1.0,0.0,0.0,,2.0,,0.0,0
19,0,1,159,akin,0.0,0.0,1.0,0.0,0.0,,4.0,,1.0,0
19,0,1,160,ang,0.0,0.0,1.0,0.0,0.0,,3.0,,1.0,0
19,0,1,161,bola,1.0,0.0,1.0,1.0,0.0,,4.0,,2.0,0
19,0,1,162,nakangiting,0.0,1.0,1.0,1.0,0.0,,11.0,,5.0,1
19,0,1,163,sigaw,1.0,0.0,1.0,1.0,0.0,,5.0,,1.0,0
19,0,1,164,ni,0.0,0.0,1.0,0.0,0.0,,2.0,,1.0,0
19,0,1,165,Maya,1.0,0.0,1.0,1.0,0.0,,4.0,,1.0,0
19,0,1,166,eto,0.0,0.0,1.0,0.0,0.0,,3.0,,1.0,0
19,0,1,167,saluin,0.0,1.0,1.0,1.0,0.0,,6.0,,1.0,0
19,0,1,168,mo,0.0,0.0,1.0,0.0,0.0,,2.0,,1.0,0
19,0,1,169,ang,0.0,0.0,1.0,0.0,0.0,,3.0,,1.0,0
19,0,1,170,bola,1.0,0.0,1.0,1.0,0.0,,4.0,,2.0,0
19,0,1,171,Maya,1.0,0.0,1.0,1.0,0.0,,4.0,,1.0,0
19,0,1,172,Tugon,1.0,0.0,1.0,1.0,0.0,,5.0,,2.0,0
19,0,1,173,ni,0.0,0.0,1.0,0.0,0.0,,2.0,,1.0,0
19,0,1,174,Kuya,1.0,0.0,1.0,1.0,0.0,,4.0,,1.0,0
19,0,1,175,Miguel,1.0,0.0,1.0,1.0,0.0,,6.0,,2.0,0
19,0,1,176,Wow,1.0,0.0,1.0,1.0,0.0,,3.0,,1.0,0
19,0,1,177,ang,0.0,0.0,1.0,0.0,0.0,,3.0,,1.0,0
19,0,1,178,galing,0.0,0.0,1.0,1.0,0.0,,6.0,,3.0,0
19,0,1,179,mo,0.0,0.0,1.0,0.0,0.0,,2.0,,1.0,0
19,0,1,180,Ate,1.0,0.0,1.0,1.0,0.0,,3.0,,1.0,0
19,0,1,181,Maya,1.0,0.0,1.0,1.0,0.0,,4.0,,1.0,0
19,0,1,182,nasalo,0.0,1.0,1.0,1.0,0.0,,6.0,,2.0,0
19,0,1,183,mo,0.0,0.0,1.0,0.0,0.0,,2.0,,1.0,0
19,0,1,184,papuri,1.0,0.0,1.0,1.0,0.0,,6.0,,3.0,0
19,0,1,185,ni,0.0,0.0,1.0,0.0,0.0,,2.0,,1.0,0
19,0,1,186,Marco,1.0,0.0,1.0,1.0,0.0,,5.0,,2.0,0
19,0,1,187,sa,0.0,0.0,1.0,0.0,0.0,,2.0,,0.0,0
19,0,1,188,kanyang,0.0,0.0,1.0,0.0,0.0,,7.0,,2.0,0
19,0,1,189,ate,0.0,0.0,1.0,0.0,0.0,,3.0,,1.0,0
19,0,1,190,lumabas,0.0,1.0,1.0,1.0,0.0,,7.0,,3.0,0
19,0,1,191,sila,0.0,0.0,1.0,0.0,0.0,,4.0,,1.0,0
19,0,1,192,sa,0.0,0.0,1.0,0.0,0.0,,2.0,,0.0,0
19,0,1,193,kanilang,0.0,0.0,1.0,0.0,0.0,,8.0,,4.0,1
19,0,1,194,bahay,1.0,0.0,1.0,1.0,0.0,,5.0,,2.0,0
19,0,1,195,upang,0.0,0.0,1.0,0.0,0.0,,5.0,,2.0,0
19,0,1,196,maglaro,0.0,1.0,1.0,1.0,0.0,,7.0,,3.0,0
19,0,1,197,pa,0.0,0.0,1.0,1.0,0.0,,2.0,,1.0,0
19,0,1,198,ng,0.0,0.0,1.0,0.0,0.0,,2.0,,1.0,0
19,0,1,199,habol-habolan,0.0,0.0,1.0,0.0,0.0,,13.0,,5.0,1
19,0,1,200,dumating,0.0,1.0,1.0,1.0,0.0,,8.0,,4.0,1
19,0,1,201,ang,0.0,0.0,1.0,0.0,0.0,,3.0,,1.0,0
19,0,1,202,kanyang,0.0,0.0,1.0,0.0,0.0,,7.0,,2.0,0
19,0,1,203,Nanay,1.0,0.0,1.0,1.0,0.0,,5.0,,2.0,0
19,0,1,204,Memay,1.0,0.0,1.0,1.0,0.0,,5.0,,2.0,0
19,0,1,205,mula,0.0,0.0,1.0,1.0,0.0,,4.0,,2.0,0
19,0,1,206,sa,0.0,0.0,1.0,0.0,0.0,,2.0,,0.0,0
19,0,1,207,palengke,1.0,0.0,1.0,1.0,0.0,,8.0,,4.0,1
19,0,1,208,Mano,1.0,0.0,1.0,1.0,0.0,,4.0,,2.0,0
19,0,1,209,po,0.0,0.0,1.0,1.0,0.0,,2.0,,1.0,0
19,0,1,210,Inay,1.0,0.0,1.0,1.0,0.0,,4.0,,1.0,0
19,0,1,211,patakbong,0.0,0.0,1.0,1.0,0.0,,9.0,,4.0,1
19,0,1,212,lumapit,0.0,1.0,1.0,1.0,0.0,,7.0,,3.0,0
19,0,1,213,ang,0.0,0.0,1.0,0.0,0.0,,3.0,,1.0,0
19,0,1,214,magkakapatid,1.0,0.0,1.0,1.0,0.0,,12.0,,5.0,1
19,0,1,215,maaari,0.0,1.0,1.0,1.0,0.0,,6.0,,2.0,0
19,0,1,216,po,0.0,0.0,1.0,1.0,0.0,,2.0,,1.0,0
19,0,1,217,bang,0.0,0.0,1.0,1.0,0.0,,4.0,,2.0,0
19,0,1,218,maglaro,0.0,1.0,1.0,1.0,0.0,,7.0,,3.0,0
19,0,1,219,pa,0.0,0.0,1.0,1.0,0.0,,2.0,,1.0,0
19,0,1,220,kami,0.0,0.0,1.0,0.0,0.0,,4.0,,2.0,0
19,0,1,221,sa,0.0,0.0,1.0,0.0,0.0,,2.0,,0.0,0
19,0,1,222,labas,0.0,0.0,1.0,1.0,0.0,,5.0,,2.0,0
19,0,1,223,Inay,1.0,0.0,1.0,1.0,0.0,,4.0,,1.0,0
19,0,1,224,Paalam,1.0,0.0,1.0,1.0,0.0,,6.0,,2.0,0
19,0,1,225,ni,0.0,0.0,1.0,0.0,0.0,,2.0,,1.0,0
19,0,1,226,Kuya,1.0,0.0,1.0,1.0,0.0,,4.0,,1.0,0
19,0,1,227,Miguel,1.0,0.0,1.0,1.0,0.0,,6.0,,2.0,0
19,0,1,228,kay,0.0,0.0,1.0,0.0,0.0,,3.0,,1.0,0
19,0,1,229,aling,0.0,0.0,1.0,0.0,0.0,,5.0,,2.0,0
19,0,1,230,Memay,1.0,0.0,1.0,1.0,0.0,,5.0,,2.0,0
19,0,1,231,O,1.0,0.0,1.0,1.0,0.0,,1.0,,0.0,0
19,0,1,232,sige,0.0,0.0,1.0,0.0,0.0,,4.0,,1.0,0
19,0,1,233,mga,0.0,0.0,1.0,0.0,0.0,,3.0,,1.0,0
19,0,1,234,anak,1.0,0.0,1.0,1.0,0.0,,4.0,,1.0,0
19,0,1,235,basta,0.0,0.0,1.0,0.0,0.0,,5.0,,2.0,0
19,0,1,236,maging,0.0,1.0,1.0,1.0,0.0,,6.0,,3.0,0
19,0,1,237,maingat,0.0,0.0,1.0,1.0,0.0,,7.0,,2.0,0
19,0,1,238,at,0.0,0.0,1.0,0.0,0.0,,2.0,,0.0,0
19,0,1,239,huwag,0.0,0.0,1.0,1.0,0.0,,5.0,,2.0,0
19,0,1,240,mag-aaway,0.0,1.0,1.0,1.0,0.0,,9.0,,2.0,0
19,0,1,241,paalala,1.0,0.0,1.0,1.0,0.0,,7.0,,3.0,0
19,0,1,242,ni,0.0,0.0,1.0,0.0,0.0,,2.0,,1.0,0
19,0,1,243,aling,0.0,0.0,1.0,0.0,0.0,,5.0,,2.0,0
19,0,1,244,Memay,1.0,0.0,1.0,1.0,0.0,,5.0,,2.0,0
19,0,1,245,Huli,1.0,0.0,1.0,1.0,0.0,,4.0,,2.0,0
19,0,1,246,ka,0.0,0.0,1.0,0.0,0.0,,2.0,,1.0,0
19,0,1,247,Marco,1.0,0.0,1.0,1.0,0.0,,5.0,,2.0,0
19,0,1,248,ako,0.0,0.0,1.0,0.0,0.0,,3.0,,1.0,0
19,0,1,249,naman,0.0,0.0,1.0,1.0,0.0,,5.0,,2.0,0
19,0,1,250,habulin,0.0,1.0,1.0,1.0,0.0,,7.0,,3.0,0
19,0,1,251,mo,0.0,0.0,1.0,0.0,0.0,,2.0,,1.0,0
19,0,1,252,Marco,1.0,0.0,1.0,1.0,0.0,,5.0,,2.0,0
19,0,1,253,tugon,1.0,0.0,1.0,1.0,0.0,,5.0,,2.0,0
19,0,1,254,ni,0.0,0.0,1.0,0.0,0.0,,2.0,,1.0,0
19,0,1,255,Maya,1.0,0.0,1.0,1.0,0.0,,4.0,,1.0,0
19,0,1,256,Mag-iingat,1.0,0.0,1.0,1.0,0.0,,10.0,,2.0,0
19,0,1,257,kayo,0.0,0.0,1.0,0.0,0.0,,4.0,,1.0,0
19,0,1,258,baka,0.0,0.0,1.0,1.0,0.0,,4.0,,2.0,0
19,0,1,259,madapa,0.0,1.0,1.0,1.0,0.0,,6.0,,3.0,0
19,0,1,260,kayo,0.0,0.0,1.0,0.0,0.0,,4.0,,1.0,0
19,0,1,261,paalala,1.0,0.0,1.0,1.0,0.0,,7.0,,3.0,0
19,0,1,262,ng,0.0,0.0,1.0,0.0,0.0,,2.0,,1.0,0
19,0,1,263,kanilang,0.0,0.0,1.0,0.0,0.0,,8.0,,4.0,1
19,0,1,264,Kuya,1.0,0.0,1.0,1.0,0.0,,4.0,,1.0,0
19,0,1,265,Miguel,1.0,0.0,1.0,1.0,0.0,,6.0,,2.0,0
19,0,1,266,sa,0.0,0.0,1.0,0.0,0.0,,2.0,,0.0,0
19,0,1,267,kusina,1.0,0.0,1.0,1.0,0.0,,6.0,,2.0,0
19,0,1,268,inaayos,0.0,1.0,1.0,1.0,0.0,,7.0,,1.0,0
19,0,1,269,ni,0.0,0.0,1.0,0.0,0.0,,2.0,,1.0,0
19,0,1,270,aling,0.0,0.0,1.0,0.0,0.0,,5.0,,2.0,0
19,0,1,271,Memay,1.0,0.0,1.0,1.0,0.0,,5.0,,2.0,0
19,0,1,272,ang,0.0,0.0,1.0,0.0,0.0,,3.0,,1.0,0
19,0,1,273,kanyang,0.0,0.0,1.0,0.0,0.0,,7.0,,2.0,0
19,0,1,274,pinamili,0.0,1.0,1.0,1.0,0.0,,8.0,,4.0,1
19,0,1,275,meron,0.0,1.0,1.0,1.0,0.0,,5.0,,2.0,0
19,0,1,276,siyang,0.0,0.0,1.0,0.0,0.0,,6.0,,1.0,0
19,0,1,277,mga,0.0,0.0,1.0,0.0,0.0,,3.0,,1.0,0
19,0,1,278,prutas,1.0,0.0,1.0,1.0,0.0,,6.0,,2.0,0
19,0,1,279,;,0.0,0.0,1.0,0.0,0.0,,1.0,,0.0,0
19,0,1,280,mangga,0.0,1.0,1.0,1.0,0.0,,6.0,,3.0,0
19,0,1,281,at,0.0,0.0,1.0,0.0,0.0,,2.0,,0.0,0
19,0,1,282,mansanas,1.0,0.0,1.0,1.0,0.0,,8.0,,2.0,0
19,0,1,283,Gulay,1.0,0.0,1.0,1.0,0.0,,5.0,,2.0,0
19,0,1,284,at,0.0,0.0,1.0,0.0,0.0,,2.0,,0.0,0
19,0,1,285,manok,1.0,0.0,1.0,1.0,0.0,,5.0,,2.0,0
19,0,1,286,nagligpit,0.0,1.0,1.0,1.0,0.0,,9.0,,3.0,0
19,0,1,287,siya,0.0,0.0,1.0,0.0,0.0,,4.0,,0.0,0
19,0,1,288,ng,0.0,0.0,1.0,0.0,0.0,,2.0,,1.0,0
19,0,1,289,mga,0.0,0.0,1.0,0.0,0.0,,3.0,,1.0,0
19,0,1,290,kalat,0.0,0.0,1.0,1.0,0.0,,5.0,,2.0,0
19,0,1,291,sa,0.0,0.0,1.0,0.0,0.0,,2.0,,0.0,0
19,0,1,292,loob,1.0,0.0,1.0,1.0,0.0,,4.0,,1.0,0
19,0,1,293,ng,0.0,0.0,1.0,0.0,0.0,,2.0,,1.0,0
19,0,1,294,sala,1.0,0.0,1.0,1.0,0.0,,4.0,,1.0,0
19,0,1,295,itinabi,0.0,1.0,1.0,1.0,0.0,,7.0,,3.0,0
19,0,1,296,ang,0.0,0.0,1.0,0.0,0.0,,3.0,,1.0,0
19,0,1,297,kahon,1.0,0.0,1.0,1.0,0.0,,5.0,,2.0,0
19,0,1,298,at,0.0,0.0,1.0,0.0,0.0,,2.0,,0.0,0
19,0,1,299,ipinasok,0.0,1.0,1.0,1.0,0.0,,8.0,,2.0,0
19,0,1,300,sa,0.0,0.0,1.0,0.0,0.0,,2.0,,0.0,0
19,0,1,301,bodega,1.0,0.0,1.0,1.0,0.0,,6.0,,3.0,0
19,0,1,302,matapos,0.0,1.0,1.0,1.0,0.0,,7.0,,3.0,0
19,0,1,303,magluto,0.0,1.0,1.0,1.0,0.0,,7.0,,3.0,0
19,0,1,304,tinawag,0.0,1.0,1.0,1.0,0.0,,7.0,,3.0,0
19,0,1,305,na,0.0,0.0,1.0,0.0,0.0,,2.0,,1.0,0
19,0,1,306,niya,0.0,0.0,1.0,0.0,0.0,,4.0,,1.0,0
19,0,1,307,ang,0.0,0.0,1.0,0.0,0.0,,3.0,,1.0,0
19,0,1,308,kanyang,0.0,0.0,1.0,0.0,0.0,,7.0,,2.0,0
19,0,1,309,mga,0.0,0.0,1.0,0.0,0.0,,3.0,,1.0,0
19,0,1,310,anak,1.0,0.0,1.0,1.0,0.0,,4.0,,1.0,0
19,0,1,311,upang,0.0,0.0,1.0,0.0,0.0,,5.0,,2.0,0
19,0,1,312,kumain,0.0,1.0,1.0,1.0,0.0,,6.0,,2.0,0
19,0,1,313,ng,0.0,0.0,1.0,0.0,0.0,,2.0,,1.0,0
19,0,1,314,meryenda,1.0,0.0,1.0,1.0,0.0,,8.0,,2.0,0
19,0,1,315,nandito,0.0,1.0,1.0,1.0,0.0,,7.0,,3.0,0
19,0,1,316,na,0.0,0.0,1.0,0.0,0.0,,2.0,,1.0,0
19,0,1,317,po,0.0,0.0,1.0,1.0,0.0,,2.0,,1.0,0
19,0,1,318,kami,0.0,0.0,1.0,0.0,0.0,,4.0,,2.0,0
19,0,1,319,Inay,1.0,0.0,1.0,1.0,0.0,,4.0,,1.0,0
19,0,1,320,bungad,1.0,0.0,1.0,1.0,0.0,,6.0,,2.0,0
19,0,1,321,ni,0.0,0.0,1.0,0.0,0.0,,2.0,,1.0,0
19,0,1,322,Maya,1.0,0.0,1.0,1.0,0.0,,4.0,,1.0,0
19,0,1,323,binigyan,0.0,1.0,1.0,1.0,0.0,,8.0,,2.0,0
19,0,1,324,sila,0.0,0.0,1.0,0.0,0.0,,4.0,,1.0,0
19,0,1,325,ng,0.0,0.0,1.0,0.0,0.0,,2.0,,1.0,0
19,0,1,326,tinapay,1.0,0.0,1.0,1.0,0.0,,7.0,,3.0,0
19,0,1,327,at,0.0,0.0,1.0,0.0,0.0,,2.0,,0.0,0
19,0,1,328,juice,1.0,0.0,1.0,1.0,1.0,,5.0,,2.0,0
19,0,1,329,ni,0.0,0.0,1.0,0.0,0.0,,2.0,,1.0,0
19,0,1,330,aling,0.0,0.0,1.0,0.0,0.0,,5.0,,2.0,0
19,0,1,331,Memay,1.0,0.0,1.0,1.0,0.0,,5.0,,2.0,0
19,0,1,332,salamat,0.0,0.0,1.0,1.0,0.0,,7.0,,2.0,0
19,0,1,333,po,0.0,0.0,1.0,1.0,0.0,,2.0,,1.0,0
19,0,1,334,Inay,1.0,0.0,1.0,1.0,0.0,,4.0,,1.0,0
19,0,1,335,nabusog,0.0,1.0,1.0,1.0,0.0,,7.0,,2.0,0
19,0,1,336,po,0.0,0.0,1.0,1.0,0.0,,2.0,,1.0,0
19,0,1,337,kami,0.0,0.0,1.0,0.0,0.0,,4.0,,2.0,0
19,0,1,338,Sabay,1.0,0.0,1.0,1.0,0.0,,5.0,,1.0,0
19,0,1,339,sabi,0.0,1.0,1.0,1.0,0.0,,4.0,,1.0,0
19,0,1,340,nina,0.0,0.0,1.0,0.0,0.0,,4.0,,2.0,0
19,0,1,341,Kuya,1.0,0.0,1.0,1.0,0.0,,4.0,,1.0,0
19,0,1,342,Miguel,1.0,0.0,1.0,1.0,0.0,,6.0,,2.0,0
19,0,1,343,Maya,1.0,0.0,1.0,1.0,0.0,,4.0,,1.0,0
19,0,1,344,at,0.0,0.0,1.0,0.0,0.0,,2.0,,0.0,0
19,0,1,345,Marco,1.0,0.0,1.0,1.0,0.0,,5.0,,2.0,0
19,0,1,346,kinabukasan,0.0,0.0,1.0,1.0,0.0,,11.0,,4.0,1
19,0,1,347,magandang,1.0,0.0,1.0,1.0,0.0,,9.0,,4.0,1
19,0,1,348,umaga,0.0,0.0,1.0,1.0,0.0,,5.0,,2.0,0
19,0,1,349,Maya,1.0,0.0,1.0,1.0,0.0,,4.0,,1.0,0
19,0,1,350,masayang,0.0,0.0,1.0,1.0,0.0,,8.0,,2.0,0
19,0,1,351,bati,1.0,0.0,1.0,1.0,0.0,,4.0,,2.0,0
19,0,1,352,ng,0.0,0.0,1.0,0.0,0.0,,2.0,,1.0,0
19,0,1,353,kanyang,0.0,0.0,1.0,0.0,0.0,,7.0,,2.0,0
19,0,1,354,manika,1.0,0.0,1.0,1.0,0.0,,6.0,,3.0,0
19,0,1,355,magandang,1.0,0.0,1.0,1.0,0.0,,9.0,,4.0,1
19,0,1,356,umaga,0.0,0.0,1.0,1.0,0.0,,5.0,,2.0,0
19,0,1,357,naman,0.0,0.0,1.0,1.0,0.0,,5.0,,2.0,0
19,0,1,358,Meya,1.0,0.0,1.0,1.0,0.0,,4.0,,1.0,0
19,0,1,359,tugon,1.0,0.0,1.0,1.0,0.0,,5.0,,2.0,0
19,0,1,360,ni,0.0,0.0,1.0,0.0,0.0,,2.0,,1.0,0
19,0,1,361,Maya,1.0,0.0,1.0,1.0,0.0,,4.0,,1.0,0
19,0,1,362,sa,0.0,0.0,1.0,0.0,0.0,,2.0,,0.0,0
19,0,1,363,kanyang,0.0,0.0,1.0,0.0,0.0,,7.0,,2.0,0
19,0,1,364,Manika,1.0,0.0,1.0,1.0,0.0,,6.0,,3.0,0
19,0,1,365,Halika,1.0,0.0,1.0,1.0,0.0,,6.0,,3.0,0
19,0,1,366,maglaro,0.0,1.0,1.0,1.0,0.0,,7.0,,3.0,0
19,0,1,367,tayo,0.0,0.0,1.0,0.0,0.0,,4.0,,1.0,0
19,0,1,368,ng,0.0,0.0,1.0,0.0,0.0,,2.0,,1.0,0
19,0,1,369,tagu-taguan,1.0,0.0,1.0,1.0,0.0,,11.0,,4.0,1
19,0,1,370,sambit,1.0,0.0,1.0,1.0,0.0,,6.0,,1.0,0
19,0,1,371,ni,0.0,0.0,1.0,0.0,0.0,,2.0,,1.0,0
19,0,1,372,Meya,1.0,0.0,1.0,1.0,0.0,,4.0,,1.0,0
19,0,1,373,Manika,1.0,0.0,1.0,1.0,0.0,,6.0,,3.0,0
19,0,1,374,isa,0.0,0.0,1.0,0.0,0.0,,3.0,,0.0,0
19,0,1,375,dalawa,0.0,0.0,1.0,0.0,0.0,,6.0,,3.0,0
19,0,1,376,tatlo,0.0,0.0,1.0,0.0,0.0,,5.0,,2.0,0
19,0,1,377,magtago,0.0,1.0,1.0,1.0,0.0,,7.0,,3.0,0
19,0,1,378,kana,0.0,0.0,1.0,1.0,0.0,,4.0,,2.0,0
19,0,1,379,hinanap,0.0,1.0,1.0,1.0,0.0,,7.0,,3.0,0
19,0,1,380,ni,0.0,0.0,1.0,0.0,0.0,,2.0,,1.0,0
19,0,1,381,Maya,1.0,0.0,1.0,1.0,0.0,,4.0,,1.0,0
19,0,1,382,si,0.0,0.0,1.0,0.0,0.0,,2.0,,0.0,0
19,0,1,383,Meya,1.0,0.0,1.0,1.0,0.0,,4.0,,1.0,0
19,0,1,384,Manika,1.0,0.0,1.0,1.0,0.0,,6.0,,3.0,0
19,0,1,385,sumilip,0.0,1.0,1.0,1.0,0.0,,7.0,,2.0,0
19,0,1,386,sya,0.0,0.0,1.0,0.0,0.0,,3.0,,0.0,0
19,0,1,387,sa,0.0,0.0,1.0,0.0,0.0,,2.0,,0.0,0
19,0,1,388,ilalim,0.0,0.0,1.0,1.0,0.0,,6.0,,2.0,0
19,0,1,389,ng,0.0,0.0,1.0,0.0,0.0,,2.0,,1.0,0
19,0,1,390,kama,1.0,0.0,1.0,1.0,0.0,,4.0,,2.0,0
19,0,1,391,Huli,1.0,0.0,1.0,1.0,0.0,,4.0,,2.0,0
19,0,1,392,ka,0.0,0.0,1.0,0.0,0.0,,2.0,,1.0,0
19,0,1,393,ngunit,0.0,0.0,1.0,0.0,0.0,,6.0,,2.0,0
19,0,1,394,walang,0.0,1.0,1.0,1.0,0.0,,6.0,,3.0,0
19,0,1,395,Meya,1.0,0.0,1.0,1.0,0.0,,4.0,,1.0,0
19,0,1,396,pumunta,0.0,1.0,1.0,1.0,0.0,,7.0,,3.0,0
19,0,1,397,naman,0.0,0.0,1.0,1.0,0.0,,5.0,,2.0,0
19,0,1,398,siya,0.0,0.0,1.0,0.0,0.0,,4.0,,0.0,0
19,0,1,399,sa,0.0,0.0,1.0,0.0,0.0,,2.0,,0.0,0
19,0,1,400,kanang,0.0,0.0,1.0,1.0,0.0,,6.0,,3.0,0
19,0,1,401,parte,1.0,0.0,1.0,1.0,0.0,,5.0,,2.0,0
19,0,1,402,ng,0.0,0.0,1.0,0.0,0.0,,2.0,,1.0,0
19,0,1,403,kanilang,0.0,0.0,1.0,0.0,0.0,,8.0,,4.0,1
19,0,1,404,bahay,1.0,0.0,1.0,1.0,0.0,,5.0,,2.0,0
19,0,1,405,ang,0.0,0.0,1.0,0.0,0.0,,3.0,,1.0,0
19,0,1,406,sala,1.0,0.0,1.0,1.0,0.0,,4.0,,1.0,0
19,0,1,407,tahimik,0.0,0.0,1.0,1.0,0.0,,7.0,,3.0,0
19,0,1,408,at,0.0,0.0,1.0,0.0,0.0,,2.0,,0.0,0
19,0,1,409,wala,0.0,1.0,1.0,1.0,0.0,,4.0,,2.0,0
19,0,1,410,parin,1.0,0.0,1.0,1.0,0.0,,5.0,,2.0,0
19,0,1,411,si,0.0,0.0,1.0,0.0,0.0,,2.0,,0.0,0
19,0,1,412,Meya,1.0,0.0,1.0,1.0,0.0,,4.0,,1.0,0
19,0,1,413,Aaaaahhh,1.0,0.0,1.0,1.0,0.0,,8.0,,0.0,0
19,0,1,414,alam,0.0,1.0,1.0,1.0,0.0,,4.0,,1.0,0
19,0,1,415,ko,0.0,0.0,1.0,0.0,0.0,,2.0,,1.0,0
19,0,1,416,na,0.0,0.0,1.0,0.0,0.0,,2.0,,1.0,0
19,0,1,417,tinungo,0.0,1.0,1.0,1.0,0.0,,7.0,,3.0,0
19,0,1,418,ni,0.0,0.0,1.0,0.0,0.0,,2.0,,1.0,0
19,0,1,419,Maya,1.0,0.0,1.0,1.0,0.0,,4.0,,1.0,0
19,0,1,420,ang,0.0,0.0,1.0,0.0,0.0,,3.0,,1.0,0
19,0,1,421,silid,1.0,0.0,1.0,1.0,0.0,,5.0,,1.0,0
19,0,1,422,nila,0.0,0.0,1.0,0.0,0.0,,4.0,,2.0,0
19,0,1,423,dahan-dahan,0.0,0.0,1.0,1.0,0.0,,11.0,,4.0,1
19,0,1,424,niyang,0.0,0.0,1.0,0.0,0.0,,6.0,,2.0,0
19,0,1,425,binuksan,0.0,1.0,1.0,1.0,0.0,,8.0,,2.0,0
19,0,1,426,ang,0.0,0.0,1.0,0.0,0.0,,3.0,,1.0,0
19,0,1,427,pinto,1.0,0.0,1.0,1.0,0.0,,5.0,,2.0,0
19,0,1,428,Meya,1.0,0.0,1.0,1.0,0.0,,4.0,,1.0,0
19,0,1,429,Meya,1.0,0.0,1.0,1.0,0.0,,4.0,,1.0,0
19,0,1,430,nasaan,0.0,0.0,1.0,1.0,0.0,,6.0,,1.0,0
19,0,1,431,ka,0.0,0.0,1.0,0.0,0.0,,2.0,,1.0,0
19,0,1,432,Mahuhuli,1.0,0.0,1.0,1.0,0.0,,8.0,,4.0,1
19,0,1,433,na,0.0,0.0,1.0,0.0,0.0,,2.0,,1.0,0
19,0,1,434,kita,1.0,0.0,1.0,1.0,0.0,,4.0,,2.0,0
19,0,1,435,malumanay,0.0,0.0,1.0,1.0,0.0,,9.0,,4.0,1
19,0,1,436,na,0.0,0.0,1.0,0.0,0.0,,2.0,,1.0,0
19,0,1,437,sambit,1.0,0.0,1.0,1.0,0.0,,6.0,,1.0,0
19,0,1,438,ni,0.0,0.0,1.0,0.0,0.0,,2.0,,1.0,0
19,0,1,439,Maya,1.0,0.0,1.0,1.0,0.0,,4.0,,1.0,0
19,0,1,440,subalit,0.0,0.0,1.0,0.0,0.0,,7.0,,2.0,0
19,0,1,441,wala,0.0,1.0,1.0,1.0,0.0,,4.0,,2.0,0
19,0,1,442,paring,1.0,0.0,1.0,1.0,0.0,,6.0,,3.0,0
19,0,1,443,Meya,1.0,0.0,1.0,1.0,0.0,,4.0,,1.0,0
19,0,1,444,Manika,1.0,0.0,1.0,1.0,0.0,,6.0,,3.0,0
19,0,1,445,Naku,1.0,0.0,1.0,1.0,0.0,,4.0,,2.0,0
19,0,1,446,saan,0.0,0.0,1.0,0.0,0.0,,4.0,,0.0,0
19,0,1,447,kaya,0.0,0.0,1.0,0.0,0.0,,4.0,,1.0,0
19,0,1,448,siya,0.0,0.0,1.0,0.0,0.0,,4.0,,0.0,0
19,0,1,449,nagtago,0.0,1.0,1.0,1.0,0.0,,7.0,,3.0,0
19,0,1,450,lumabas,0.0,1.0,1.0,1.0,0.0,,7.0,,3.0,0
19,0,1,451,ito,0.0,0.0,1.0,0.0,0.0,,3.0,,1.0,0
19,0,1,452,ng,0.0,0.0,1.0,0.0,0.0,,2.0,,1.0,0
19,0,1,453,bahay,1.0,0.0,1.0,1.0,0.0,,5.0,,2.0,0
19,0,1,454,tiningnan,0.0,1.0,1.0,1.0,0.0,,9.0,,4.0,1
19,0,1,455,sa,0.0,0.0,1.0,0.0,0.0,,2.0,,0.0,0
19,0,1,456,likod,1.0,0.0,1.0,1.0,0.0,,5.0,,2.0,0
19,0,1,457,ng,0.0,0.0,1.0,0.0,0.0,,2.0,,1.0,0
19,0,1,458,kanilang,0.0,0.0,1.0,0.0,0.0,,8.0,,4.0,1
19,0,1,459,bahay,1.0,0.0,1.0,1.0,0.0,,5.0,,2.0,0
19,0,1,460,sa,0.0,0.0,1.0,0.0,0.0,,2.0,,0.0,0
19,0,1,461,ilalim,0.0,0.0,1.0,1.0,0.0,,6.0,,2.0,0
19,0,1,462,ng,0.0,0.0,1.0,0.0,0.0,,2.0,,1.0,0
19,0,1,463,mga,0.0,0.0,1.0,0.0,0.0,,3.0,,1.0,0
19,0,1,464,tanim,1.0,0.0,1.0,1.0,0.0,,5.0,,2.0,0
19,0,1,465,gayon,0.0,0.0,1.0,0.0,0.0,,5.0,,1.0,0
19,0,1,466,paman,0.0,0.0,1.0,1.0,0.0,,5.0,,2.0,0
19,0,1,467,wala,0.0,1.0,1.0,1.0,0.0,,4.0,,2.0,0
19,0,1,468,paring,1.0,0.0,1.0,1.0,0.0,,6.0,,3.0,0
19,0,1,469,Meya,1.0,0.0,1.0,1.0,0.0,,4.0,,1.0,0
19,0,1,470,Manika,1.0,0.0,1.0,1.0,0.0,,6.0,,3.0,0
19,0,1,471,nagsimula,0.0,1.0,1.0,1.0,0.0,,9.0,,3.0,0
19,0,1,472,na,0.0,0.0,1.0,0.0,0.0,,2.0,,1.0,0
19,0,1,473,siyang,0.0,0.0,1.0,0.0,0.0,,6.0,,1.0,0
19,0,1,474,mag-alala,0.0,1.0,1.0,1.0,0.0,,9.0,,3.0,0
19,0,1,475,Nasaan,1.0,0.0,1.0,1.0,0.0,,6.0,,1.0,0
19,0,1,476,kana,0.0,0.0,1.0,1.0,0.0,,4.0,,2.0,0
19,0,1,477,Meya,1.0,0.0,1.0,1.0,0.0,,4.0,,1.0,0
19,0,1,478,lumabas,0.0,1.0,1.0,1.0,0.0,,7.0,,3.0,0
19,0,1,479,kana,0.0,0.0,1.0,1.0,0.0,,4.0,,2.0,0
19,0,1,480,Paiyak,1.0,0.0,1.0,1.0,0.0,,6.0,,1.0,0
19,0,1,481,na,0.0,0.0,1.0,0.0,0.0,,2.0,,1.0,0
19,0,1,482,sambit,1.0,0.0,1.0,1.0,0.0,,6.0,,1.0,0
19,0,1,483,ni,0.0,0.0,1.0,0.0,0.0,,2.0,,1.0,0
19,0,1,484,Maya,1.0,0.0,1.0,1.0,0.0,,4.0,,1.0,0
19,0,1,485,Inay,1.0,0.0,1.0,1.0,0.0,,4.0,,1.0,0
19,0,1,486,Itay,1.0,0.0,1.0,1.0,0.0,,4.0,,1.0,0
19,0,1,487,nawawala,0.0,1.0,1.0,1.0,0.0,,8.0,,4.0,1
19,0,1,488,po,0.0,0.0,1.0,1.0,0.0,,2.0,,1.0,0
19,0,1,489,si,0.0,0.0,1.0,0.0,0.0,,2.0,,0.0,0
19,0,1,490,Meya,1.0,0.0,1.0,1.0,0.0,,4.0,,1.0,0
19,0,1,491,paanong,1.0,0.0,1.0,1.0,0.0,,7.0,,3.0,0
19,0,1,492,nawala,0.0,1.0,1.0,1.0,0.0,,6.0,,3.0,0
19,0,1,493,tanong,1.0,0.0,1.0,1.0,0.0,,6.0,,3.0,0
19,0,1,494,ni,0.0,0.0,1.0,0.0,0.0,,2.0,,1.0,0
19,0,1,495,Mang,1.0,0.0,1.0,1.0,0.0,,4.0,,2.0,0
19,0,1,496,Mando,1.0,0.0,1.0,1.0,0.0,,5.0,,2.0,0
19,0,1,497,naglalaro,0.0,1.0,1.0,1.0,0.0,,9.0,,4.0,1
19,0,1,498,lang,0.0,0.0,1.0,1.0,0.0,,4.0,,2.0,0
19,0,1,499,po,0.0,0.0,1.0,1.0,0.0,,2.0,,1.0,0
19,0,1,500,kami,0.0,0.0,1.0,0.0,0.0,,4.0,,2.0,0
19,0,1,501,ng,0.0,0.0,1.0,0.0,0.0,,2.0,,1.0,0
19,0,1,502,tagu-taguan,1.0,0.0,1.0,1.0,0.0,,11.0,,4.0,1
19,0,1,503,kanina,0.0,0.0,1.0,1.0,0.0,,6.0,,3.0,0
19,0,1,504,ko,0.0,0.0,1.0,0.0,0.0,,2.0,,1.0,0
19,0,1,505,pa,0.0,0.0,1.0,1.0,0.0,,2.0,,1.0,0
19,0,1,506,po,0.0,0.0,1.0,1.0,0.0,,2.0,,1.0,0
19,0,1,507,siya,0.0,0.0,1.0,0.0,0.0,,4.0,,0.0,0
19,0,1,508,hinahanap,0.0,1.0,1.0,1.0,0.0,,9.0,,4.0,1
19,0,1,509,pero,0.0,0.0,1.0,0.0,0.0,,4.0,,2.0,0
19,0,1,510,hindi,0.0,0.0,1.0,1.0,0.0,,5.0,,2.0,0
19,0,1,511,ko,0.0,0.0,1.0,0.0,0.0,,2.0,,1.0,0
19,0,1,512,siya,0.0,0.0,1.0,0.0,0.0,,4.0,,0.0,0
19,0,1,513,mahanap,0.0,1.0,1.0,1.0,0.0,,7.0,,3.0,0
19,0,1,514,malungkot,0.0,0.0,1.0,1.0,0.0,,9.0,,4.0,1
19,0,1,515,na,0.0,0.0,1.0,0.0,0.0,,2.0,,1.0,0
19,0,1,516,sagot,1.0,0.0,1.0,1.0,0.0,,5.0,,1.0,0
19,0,1,517,ni,0.0,0.0,1.0,0.0,0.0,,2.0,,1.0,0
19,0,1,518,Maya,1.0,0.0,1.0,1.0,0.0,,4.0,,1.0,0
19,0,1,519,Huhuhuhu,1.0,0.0,1.0,1.0,0.0,,8.0,,4.0,1
19,0,1,520,tulungan,0.0,1.0,1.0,1.0,0.0,,8.0,,3.0,0
19,0,1,521,po,0.0,0.0,1.0,1.0,0.0,,2.0,,1.0,0
19,0,1,522,ninyo,0.0,0.0,1.0,0.0,0.0,,5.0,,1.0,0
19,0,1,523,ako,0.0,0.0,1.0,0.0,0.0,,3.0,,1.0,0
19,0,1,524,hanapin,0.0,1.0,1.0,1.0,0.0,,7.0,,3.0,0
19,0,1,525,natin,0.0,0.0,1.0,0.0,0.0,,5.0,,2.0,0
19,0,1,526,si,0.0,0.0,1.0,0.0,0.0,,2.0,,0.0,0
19,0,1,527,Meya,1.0,0.0,1.0,1.0,0.0,,4.0,,1.0,0
19,0,1,528,Iyak,1.0,0.0,1.0,1.0,0.0,,4.0,,0.0,0
19,0,1,529,nang,0.0,0.0,1.0,1.0,0.0,,4.0,,2.0,0
19,0,1,530,iyak,1.0,0.0,1.0,1.0,0.0,,4.0,,0.0,0
19,0,1,531,si,0.0,0.0,1.0,0.0,0.0,,2.0,,0.0,0
19,0,1,532,Maya,1.0,0.0,1.0,1.0,0.0,,4.0,,1.0,0
19,0,1,533,lumapit,0.0,1.0,1.0,1.0,0.0,,7.0,,3.0,0
19,0,1,534,na,0.0,0.0,1.0,0.0,0.0,,2.0,,1.0,0
19,0,1,535,rin,0.0,0.0,1.0,1.0,0.0,,3.0,,1.0,0
19,0,1,536,ang,0.0,0.0,1.0,0.0,0.0,,3.0,,1.0,0
19,0,1,537,kanyang,0.0,0.0,1.0,0.0,0.0,,7.0,,2.0,0
19,0,1,538,Kuya,1.0,0.0,1.0,1.0,0.0,,4.0,,1.0,0
19,0,1,539,Miguel,1.0,0.0,1.0,1.0,0.0,,6.0,,2.0,0
19,0,1,540,at,0.0,0.0,1.0,0.0,0.0,,2.0,,0.0,0
19,0,1,541,bunsong,0.0,0.0,1.0,1.0,0.0,,7.0,,2.0,0
19,0,1,542,kapatid,1.0,0.0,1.0,1.0,0.0,,7.0,,3.0,0
19,0,1,543,na,0.0,0.0,1.0,0.0,0.0,,2.0,,1.0,0
19,0,1,544,si,0.0,0.0,1.0,0.0,0.0,,2.0,,0.0,0
19,0,1,545,Marco,1.0,0.0,1.0,1.0,0.0,,5.0,,2.0,0
19,0,1,546,huwag,0.0,0.0,1.0,1.0,0.0,,5.0,,2.0,0
19,0,1,547,ka,0.0,0.0,1.0,0.0,0.0,,2.0,,1.0,0
19,0,1,548,nang,0.0,0.0,1.0,1.0,0.0,,4.0,,2.0,0
19,0,1,549,umiyak,0.0,1.0,1.0,1.0,0.0,,6.0,,1.0,0
19,0,1,550,Maya,1.0,0.0,1.0,1.0,0.0,,4.0,,1.0,0
19,0,1,551,tutulungan,0.0,1.0,1.0,1.0,0.0,,10.0,,4.0,1
19,0,1,552,ka,0.0,0.0,1.0,0.0,0.0,,2.0,,1.0,0
19,0,1,553,naming,0.0,0.0,1.0,0.0,0.0,,6.0,,3.0,0
19,0,1,554,nagmungkahi,0.0,1.0,1.0,1.0,0.0,,11.0,,5.0,1
19,0,1,555,ang,0.0,0.0,1.0,0.0,0.0,,3.0,,1.0,0
19,0,1,556,kanyang,0.0,0.0,1.0,0.0,0.0,,7.0,,2.0,0
19,0,1,557,Inay,1.0,0.0,1.0,1.0,0.0,,4.0,,1.0,0
19,0,1,558,na,0.0,0.0,1.0,0.0,0.0,,2.0,,1.0,0
19,0,1,559,si,0.0,0.0,1.0,0.0,0.0,,2.0,,0.0,0
19,0,1,560,aling,0.0,0.0,1.0,0.0,0.0,,5.0,,2.0,0
19,0,1,561,Memay,1.0,0.0,1.0,1.0,0.0,,5.0,,2.0,0
19,0,1,562,na,0.0,0.0,1.0,0.0,0.0,,2.0,,1.0,0
19,0,1,563,mag,0.0,1.0,1.0,1.0,0.0,,3.0,,1.0,0
19,0,1,564,imprinta,1.0,0.0,1.0,1.0,0.0,,8.0,,2.0,0
19,0,1,565,sila,0.0,0.0,1.0,0.0,0.0,,4.0,,1.0,0
19,0,1,566,ng,0.0,0.0,1.0,0.0,0.0,,2.0,,1.0,0
19,0,1,567,larawan,1.0,0.0,1.0,1.0,0.0,,7.0,,3.0,0
19,0,1,568,ni,0.0,0.0,1.0,0.0,0.0,,2.0,,1.0,0
19,0,1,569,Meya,1.0,0.0,1.0,1.0,0.0,,4.0,,1.0,0
19,0,1,570,Manika,1.0,0.0,1.0,1.0,0.0,,6.0,,3.0,0
19,0,1,571,ipaskil,0.0,1.0,1.0,1.0,0.0,,7.0,,2.0,0
19,0,1,572,sa,0.0,0.0,1.0,0.0,0.0,,2.0,,0.0,0
19,0,1,573,labas,0.0,0.0,1.0,1.0,0.0,,5.0,,2.0,0
19,0,1,574,ng,0.0,0.0,1.0,0.0,0.0,,2.0,,1.0,0
19,0,1,575,kanilang,0.0,0.0,1.0,0.0,0.0,,8.0,,4.0,1
19,0,1,576,bahay,1.0,0.0,1.0,1.0,0.0,,5.0,,2.0,0
19,0,1,577,at,0.0,0.0,1.0,0.0,0.0,,2.0,,0.0,0
19,0,1,578,sa,0.0,0.0,1.0,0.0,0.0,,2.0,,0.0,0
19,0,1,579,kanilang,0.0,0.0,1.0,0.0,0.0,,8.0,,4.0,1
19,0,1,580,plasa,1.0,0.0,1.0,1.0,0.0,,5.0,,1.0,0
19,0,1,581,Heto,1.0,0.0,1.0,1.0,0.0,,4.0,,2.0,0
19,0,1,582,na,0.0,0.0,1.0,0.0,0.0,,2.0,,1.0,0
19,0,1,583,ang,0.0,0.0,1.0,0.0,0.0,,3.0,,1.0,0
19,0,1,584,larawan,1.0,0.0,1.0,1.0,0.0,,7.0,,3.0,0
19,0,1,585,ni,0.0,0.0,1.0,0.0,0.0,,2.0,,1.0,0
19,0,1,586,Meya,1.0,0.0,1.0,1.0,0.0,,4.0,,1.0,0
19,0,1,587,idikit,0.0,1.0,1.0,1.0,0.0,,6.0,,2.0,0
19,0,1,588,natin,0.0,0.0,1.0,0.0,0.0,,5.0,,2.0,0
19,0,1,589,sa,0.0,0.0,1.0,0.0,0.0,,2.0,,0.0,0
19,0,1,590,labas,0.0,0.0,1.0,1.0,0.0,,5.0,,2.0,0
19,0,1,591,ang,0.0,0.0,1.0,0.0,0.0,,3.0,,1.0,0
19,0,1,592,wika,1.0,0.0,1.0,1.0,0.0,,4.0,,2.0,0
19,0,1,593,ni,0.0,0.0,1.0,0.0,0.0,,2.0,,1.0,0
19,0,1,594,aling,0.0,0.0,1.0,0.0,0.0,,5.0,,2.0,0
19,0,1,595,Memay,1.0,0.0,1.0,1.0,0.0,,5.0,,2.0,0
19,0,1,596,subalit,0.0,0.0,1.0,0.0,0.0,,7.0,,2.0,0
19,0,1,597,hindi,0.0,0.0,1.0,1.0,0.0,,5.0,,2.0,0
19,0,1,598,pa,0.0,0.0,1.0,1.0,0.0,,2.0,,1.0,0
19,0,1,599,rin,0.0,0.0,1.0,1.0,0.0,,3.0,,1.0,0
19,0,1,600,nila,0.0,0.0,1.0,0.0,0.0,,4.0,,2.0,0
19,0,1,601,nahanap,0.0,1.0,1.0,1.0,0.0,,7.0,,3.0,0
19,0,1,602,si,0.0,0.0,1.0,0.0,0.0,,2.0,,0.0,0
19,0,1,603,Memay,1.0,0.0,1.0,1.0,0.0,,5.0,,2.0,0
19,0,1,604,Iyak,1.0,0.0,1.0,1.0,0.0,,4.0,,0.0,0
19,0,1,605,nang,0.0,0.0,1.0,1.0,0.0,,4.0,,2.0,0
19,0,1,606,iyak,1.0,0.0,1.0,1.0,0.0,,4.0,,0.0,0
19,0,1,607,parin,1.0,0.0,1.0,1.0,0.0,,5.0,,2.0,0
19,0,1,608,si,0.0,0.0,1.0,0.0,0.0,,2.0,,0.0,0
19,0,1,609,Maya,1.0,0.0,1.0,1.0,0.0,,4.0,,1.0,0
19,0,1,610,Maya,1.0,0.0,1.0,1.0,0.0,,4.0,,1.0,0
19,0,1,611,Maya,1.0,0.0,1.0,1.0,0.0,,4.0,,1.0,0
19,0,1,612,gumising,0.0,1.0,1.0,1.0,0.0,,8.0,,3.0,0
19,0,1,613,ka,0.0,0.0,1.0,0.0,0.0,,2.0,,1.0,0
19,0,1,614,nananaginip,0.0,1.0,1.0,1.0,0.0,,11.0,,5.0,1
19,0,1,615,ka,0.0,0.0,1.0,0.0,0.0,,2.0,,1.0,0
19,0,1,616,bakit,0.0,0.0,1.0,0.0,0.0,,5.0,,2.0,0
19,0,1,617,kaba,1.0,0.0,1.0,1.0,0.0,,4.0,,2.0,0
19,0,1,618,umiiyak,0.0,1.0,1.0,1.0,0.0,,7.0,,1.0,0
19,0,1,619,Inay,1.0,0.0,1.0,1.0,0.0,,4.0,,1.0,0
19,0,1,620,nawawala,0.0,1.0,1.0,1.0,0.0,,8.0,,4.0,1
19,0,1,621,po,0.0,0.0,1.0,1.0,0.0,,2.0,,1.0,0
19,0,1,622,si,0.0,0.0,1.0,0.0,0.0,,2.0,,0.0,0
19,0,1,623,Meya,1.0,0.0,1.0,1.0,0.0,,4.0,,1.0,0
19,0,1,624,ang,0.0,0.0,1.0,0.0,0.0,,3.0,,1.0,0
19,0,1,625,malungkot,0.0,0.0,1.0,1.0,0.0,,9.0,,4.0,1
19,0,1,626,na,0.0,0.0,1.0,0.0,0.0,,2.0,,1.0,0
19,0,1,627,sagot,1.0,0.0,1.0,1.0,0.0,,5.0,,1.0,0
19,0,1,628,ni,0.0,0.0,1.0,0.0,0.0,,2.0,,1.0,0
19,0,1,629,Maya,1.0,0.0,1.0,1.0,0.0,,4.0,,1.0,0
19,0,1,630,saan,0.0,0.0,1.0,0.0,0.0,,4.0,,0.0,0
19,0,1,631,mo,0.0,0.0,1.0,0.0,0.0,,2.0,,1.0,0
19,0,1,632,ba,0.0,0.0,1.0,1.0,0.0,,2.0,,1.0,0
19,0,1,633,iniwan,0.0,1.0,1.0,1.0,0.0,,6.0,,2.0,0
19,0,1,634,ang,0.0,0.0,1.0,0.0,0.0,,3.0,,1.0,0
19,0,1,635,iyong,0.0,0.0,1.0,0.0,0.0,,5.0,,1.0,0
19,0,1,636,manika,1.0,0.0,1.0,1.0,0.0,,6.0,,3.0,0
19,0,1,637,tanong,1.0,0.0,1.0,1.0,0.0,,6.0,,3.0,0
19,0,1,638,naman,0.0,0.0,1.0,1.0,0.0,,5.0,,2.0,0
19,0,1,639,ni,0.0,0.0,1.0,0.0,0.0,,2.0,,1.0,0
19,0,1,640,aling,0.0,0.0,1.0,0.0,0.0,,5.0,,2.0,0
19,0,1,641,Nena,1.0,0.0,1.0,1.0,0.0,,4.0,,2.0,0
19,0,1,642,hindi,0.0,0.0,1.0,1.0,0.0,,5.0,,2.0,0
19,0,1,643,ko,0.0,0.0,1.0,0.0,0.0,,2.0,,1.0,0
19,0,1,644,po,0.0,0.0,1.0,1.0,0.0,,2.0,,1.0,0
19,0,1,645,alam,0.0,1.0,1.0,1.0,0.0,,4.0,,1.0,0
19,0,1,646,Inay,1.0,0.0,1.0,1.0,0.0,,4.0,,1.0,0
19,0,1,647,dali-daling,0.0,0.0,1.0,1.0,0.0,,11.0,,5.0,1
19,0,1,648,bumangon,0.0,1.0,1.0,1.0,0.0,,8.0,,3.0,0
19,0,1,649,si,0.0,0.0,1.0,0.0,0.0,,2.0,,0.0,0
19,0,1,650,Maya,1.0,0.0,1.0,1.0,0.0,,4.0,,1.0,0
19,0,1,651,lumabas,0.0,1.0,1.0,1.0,0.0,,7.0,,3.0,0
19,0,1,652,ng,0.0,0.0,1.0,0.0,0.0,,2.0,,1.0,0
19,0,1,653,kanyang,0.0,0.0,1.0,0.0,0.0,,7.0,,2.0,0
19,0,1,654,silid,1.0,0.0,1.0,1.0,0.0,,5.0,,1.0,0
19,0,1,655,at,0.0,0.0,1.0,0.0,0.0,,2.0,,0.0,0
19,0,1,656,hinanap,0.0,1.0,1.0,1.0,0.0,,7.0,,3.0,0
19,0,1,657,si,0.0,0.0,1.0,0.0,0.0,,2.0,,0.0,0
19,0,1,658,Maya,1.0,0.0,1.0,1.0,0.0,,4.0,,1.0,0
19,0,1,659,pumunta,0.0,1.0,1.0,1.0,0.0,,7.0,,3.0,0
19,0,1,660,siya,0.0,0.0,1.0,0.0,0.0,,4.0,,0.0,0
19,0,1,661,sa,0.0,0.0,1.0,0.0,0.0,,2.0,,0.0,0
19,0,1,662,sala,1.0,0.0,1.0,1.0,0.0,,4.0,,1.0,0
19,0,1,663,sa,0.0,0.0,1.0,0.0,0.0,,2.0,,0.0,0
19,0,1,664,kusina,1.0,0.0,1.0,1.0,0.0,,6.0,,2.0,0
19,0,1,665,sa,0.0,0.0,1.0,0.0,0.0,,2.0,,0.0,0
19,0,1,666,banyo,1.0,0.0,1.0,1.0,0.0,,5.0,,1.0,0
19,0,1,667,at,0.0,0.0,1.0,0.0,0.0,,2.0,,0.0,0
19,0,1,668,sa,0.0,0.0,1.0,0.0,0.0,,2.0,,0.0,0
19,0,1,669,bahaging,1.0,0.0,1.0,1.0,0.0,,8.0,,4.0,1
19,0,1,670,likuran,0.0,0.0,1.0,1.0,0.0,,7.0,,3.0,0
19,0,1,671,ng,0.0,0.0,1.0,0.0,0.0,,2.0,,1.0,0
19,0,1,672,kanilang,0.0,0.0,1.0,0.0,0.0,,8.0,,4.0,1
19,0,1,673,bahay,1.0,0.0,1.0,1.0,0.0,,5.0,,2.0,0
19,0,1,674,subalit,0.0,0.0,1.0,0.0,0.0,,7.0,,2.0,0
19,0,1,675,wala,0.0,1.0,1.0,1.0,0.0,,4.0,,2.0,0
19,0,1,676,talaga,0.0,0.0,1.0,1.0,0.0,,6.0,,3.0,0
19,0,1,677,si,0.0,0.0,1.0,0.0,0.0,,2.0,,0.0,0
19,0,1,678,Meya,1.0,0.0,1.0,1.0,0.0,,4.0,,1.0,0
19,0,1,679,Manika,1.0,0.0,1.0,1.0,0.0,,6.0,,3.0,0
19,0,1,680,Isipin,1.0,0.0,1.0,1.0,0.0,,6.0,,1.0,0
19,0,1,681,mo,0.0,0.0,1.0,0.0,0.0,,2.0,,1.0,0
19,0,1,682,nang,0.0,0.0,1.0,1.0,0.0,,4.0,,2.0,0
19,0,1,683,mabuti,0.0,0.0,1.0,1.0,0.0,,6.0,,3.0,0
19,0,1,684,Maya,1.0,0.0,1.0,1.0,0.0,,4.0,,1.0,0
19,0,1,685,saan,0.0,0.0,1.0,0.0,0.0,,4.0,,0.0,0
19,0,1,686,ka,0.0,0.0,1.0,0.0,0.0,,2.0,,1.0,0
19,0,1,687,huling,0.0,0.0,1.0,1.0,0.0,,6.0,,3.0,0
19,0,1,688,naglaro,0.0,1.0,1.0,1.0,0.0,,7.0,,3.0,0
19,0,1,689,ng,0.0,0.0,1.0,0.0,0.0,,2.0,,1.0,0
19,0,1,690,iyong,0.0,0.0,1.0,0.0,0.0,,5.0,,1.0,0
19,0,1,691,manika,1.0,0.0,1.0,1.0,0.0,,6.0,,3.0,0
19,0,1,692,Tanong,1.0,0.0,1.0,1.0,0.0,,6.0,,3.0,0
19,0,1,693,muli,0.0,0.0,1.0,1.0,0.0,,4.0,,2.0,0
19,0,1,694,ni,0.0,0.0,1.0,0.0,0.0,,2.0,,1.0,0
19,0,1,695,aling,0.0,0.0,1.0,0.0,0.0,,5.0,,2.0,0
19,0,1,696,Memay,1.0,0.0,1.0,1.0,0.0,,5.0,,2.0,0
19,0,1,697,Kahapon,1.0,0.0,1.0,1.0,0.0,,7.0,,3.0,0
19,0,1,698,po,0.0,0.0,1.0,1.0,0.0,,2.0,,1.0,0
19,0,1,699,dito,0.0,0.0,1.0,0.0,0.0,,4.0,,2.0,0
19,0,1,700,sa,0.0,0.0,1.0,0.0,0.0,,2.0,,0.0,0
19,0,1,701,loob,1.0,0.0,1.0,1.0,0.0,,4.0,,1.0,0
19,0,1,702,ng,0.0,0.0,1.0,0.0,0.0,,2.0,,1.0,0
19,0,1,703,bahay,1.0,0.0,1.0,1.0,0.0,,5.0,,2.0,0
19,0,1,704,Miguel,1.0,0.0,1.0,1.0,0.0,,6.0,,2.0,0
19,0,1,705,Marco,1.0,0.0,1.0,1.0,0.0,,5.0,,2.0,0
19,0,1,706,hali,0.0,0.0,1.0,0.0,0.0,,4.0,,2.0,0
19,0,1,707,nga,0.0,0.0,1.0,1.0,0.0,,3.0,,1.0,0
19,0,1,708,kayo,0.0,0.0,1.0,0.0,0.0,,4.0,,1.0,0
19,0,1,709,tawag,1.0,0.0,1.0,1.0,0.0,,5.0,,2.0,0
19,0,1,710,ni,0.0,0.0,1.0,0.0,0.0,,2.0,,1.0,0
19,0,1,711,aling,0.0,0.0,1.0,0.0,0.0,,5.0,,2.0,0
19,0,1,712,Memay,1.0,0.0,1.0,1.0,0.0,,5.0,,2.0,0
19,0,1,713,sa,0.0,0.0,1.0,0.0,0.0,,2.0,,0.0,0
19,0,1,714,dalawang,0.0,0.0,1.0,1.0,0.0,,8.0,,4.0,1
19,0,1,715,magkakapatid,1.0,0.0,1.0,1.0,0.0,,12.0,,5.0,1
19,0,1,716,lumapit,0.0,1.0,1.0,1.0,0.0,,7.0,,3.0,0
19,0,1,717,kaagad,0.0,0.0,1.0,1.0,0.0,,6.0,,2.0,0
19,0,1,718,sila,0.0,0.0,1.0,0.0,0.0,,4.0,,1.0,0
19,0,1,719,at,0.0,0.0,1.0,0.0,0.0,,2.0,,0.0,0
19,0,1,720,nagtanong,0.0,1.0,1.0,1.0,0.0,,9.0,,4.0,1
19,0,1,721,bakit,0.0,0.0,1.0,0.0,0.0,,5.0,,2.0,0
19,0,1,722,po,0.0,0.0,1.0,1.0,0.0,,2.0,,1.0,0
19,0,1,723,Inay,1.0,0.0,1.0,1.0,0.0,,4.0,,1.0,0
19,0,1,724,nakita,0.0,1.0,1.0,1.0,0.0,,6.0,,3.0,0
19,0,1,725,niyo,0.0,0.0,1.0,0.0,0.0,,4.0,,1.0,0
19,0,1,726,ba,0.0,0.0,1.0,1.0,0.0,,2.0,,1.0,0
19,0,1,727,ang,0.0,0.0,1.0,0.0,0.0,,3.0,,1.0,0
19,0,1,728,manika,1.0,0.0,1.0,1.0,0.0,,6.0,,3.0,0
19,0,1,729,ni,0.0,0.0,1.0,0.0,0.0,,2.0,,1.0,0
19,0,1,730,Maya,1.0,0.0,1.0,1.0,0.0,,4.0,,1.0,0
19,0,1,731,hindi,0.0,0.0,1.0,1.0,0.0,,5.0,,2.0,0
19,0,1,732,po,0.0,0.0,1.0,1.0,0.0,,2.0,,1.0,0
19,0,1,733,magalang,0.0,0.0,1.0,1.0,0.0,,8.0,,4.0,1
19,0,1,734,na,0.0,0.0,1.0,0.0,0.0,,2.0,,1.0,0
19,0,1,735,sagot,1.0,0.0,1.0,1.0,0.0,,5.0,,1.0,0
19,0,1,736,ni,0.0,0.0,1.0,0.0,0.0,,2.0,,1.0,0
19,0,1,737,Kuya,1.0,0.0,1.0,1.0,0.0,,4.0,,1.0,0
19,0,1,738,Miguel,1.0,0.0,1.0,1.0,0.0,,6.0,,2.0,0
19,0,1,739,Ikaw,1.0,0.0,1.0,1.0,0.0,,4.0,,1.0,0
19,0,1,740,Marco,1.0,0.0,1.0,1.0,0.0,,5.0,,2.0,0
19,0,1,741,tanong,1.0,0.0,1.0,1.0,0.0,,6.0,,3.0,0
19,0,1,742,naman,0.0,0.0,1.0,1.0,0.0,,5.0,,2.0,0
19,0,1,743,ni,0.0,0.0,1.0,0.0,0.0,,2.0,,1.0,0
19,0,1,744,aling,0.0,0.0,1.0,0.0,0.0,,5.0,,2.0,0
19,0,1,745,Memay,1.0,0.0,1.0,1.0,0.0,,5.0,,2.0,0
19,0,1,746,kay,0.0,0.0,1.0,0.0,0.0,,3.0,,1.0,0
19,0,1,747,Marco,1.0,0.0,1.0,1.0,0.0,,5.0,,2.0,0
19,0,1,748,hindi,0.0,0.0,1.0,1.0,0.0,,5.0,,2.0,0
19,0,1,749,rin,0.0,0.0,1.0,1.0,0.0,,3.0,,1.0,0
19,0,1,750,po,0.0,0.0,1.0,1.0,0.0,,2.0,,1.0,0
19,0,1,751,Inay,1.0,0.0,1.0,1.0,0.0,,4.0,,1.0,0
19,0,1,752,Isipin,1.0,0.0,1.0,1.0,0.0,,6.0,,1.0,0
19,0,1,753,mo,0.0,0.0,1.0,0.0,0.0,,2.0,,1.0,0
19,0,1,754,nang,0.0,0.0,1.0,1.0,0.0,,4.0,,2.0,0
19,0,1,755,mabuti,0.0,0.0,1.0,1.0,0.0,,6.0,,3.0,0
19,0,1,756,Maya,1.0,0.0,1.0,1.0,0.0,,4.0,,1.0,0
19,0,1,757,saan,0.0,0.0,1.0,0.0,0.0,,4.0,,0.0,0
19,0,1,758,mo,0.0,0.0,1.0,0.0,0.0,,2.0,,1.0,0
19,0,1,759,inilagay,0.0,1.0,1.0,1.0,0.0,,8.0,,3.0,0
19,0,1,760,ang,0.0,0.0,1.0,0.0,0.0,,3.0,,1.0,0
19,0,1,761,iyong,0.0,0.0,1.0,0.0,0.0,,5.0,,1.0,0
19,0,1,762,manika,1.0,0.0,1.0,1.0,0.0,,6.0,,3.0,0
19,0,1,763,Kahapon,1.0,0.0,1.0,1.0,0.0,,7.0,,3.0,0
19,0,1,764,po,0.0,0.0,1.0,1.0,0.0,,2.0,,1.0,0
19,0,1,765,pinapatulog,0.0,1.0,1.0,1.0,0.0,,11.0,,5.0,1
19,0,1,766,ko,0.0,0.0,1.0,0.0,0.0,,2.0,,1.0,0
19,0,1,767,po,0.0,0.0,1.0,1.0,0.0,,2.0,,1.0,0
19,0,1,768,siya,0.0,0.0,1.0,0.0,0.0,,4.0,,0.0,0
19,0,1,769,ah,1.0,0.0,1.0,1.0,0.0,,2.0,,0.0,0
19,0,1,770,naaalala,0.0,1.0,1.0,1.0,0.0,,8.0,,3.0,0
19,0,1,771,ko,0.0,0.0,1.0,0.0,0.0,,2.0,,1.0,0
19,0,1,772,na,0.0,0.0,1.0,0.0,0.0,,2.0,,1.0,0
19,0,1,773,po,0.0,0.0,1.0,1.0,0.0,,2.0,,1.0,0
19,0,1,774,pinasok,0.0,1.0,1.0,1.0,0.0,,7.0,,2.0,0
19,0,1,775,ko,0.0,0.0,1.0,0.0,0.0,,2.0,,1.0,0
19,0,1,776,siya,0.0,0.0,1.0,0.0,0.0,,4.0,,0.0,0
19,0,1,777,sa,0.0,0.0,1.0,0.0,0.0,,2.0,,0.0,0
19,0,1,778,isang,0.0,0.0,1.0,0.0,0.0,,5.0,,1.0,0
19,0,1,779,karton,1.0,0.0,1.0,1.0,0.0,,6.0,,2.0,0
19,0,1,780,na,0.0,0.0,1.0,0.0,0.0,,2.0,,1.0,0
19,0,1,781,ginawa,0.0,1.0,1.0,1.0,0.0,,6.0,,3.0,0
19,0,1,782,kong,0.0,0.0,1.0,0.0,0.0,,4.0,,2.0,0
19,0,1,783,kama,1.0,0.0,1.0,1.0,0.0,,4.0,,2.0,0
19,0,1,784,niya,0.0,0.0,1.0,0.0,0.0,,4.0,,1.0,0
19,0,1,785,dito,0.0,0.0,1.0,0.0,0.0,,4.0,,2.0,0
19,0,1,786,ko,0.0,0.0,1.0,0.0,0.0,,2.0,,1.0,0
19,0,1,787,po,0.0,0.0,1.0,1.0,0.0,,2.0,,1.0,0
19,0,1,788,sa,0.0,0.0,1.0,0.0,0.0,,2.0,,0.0,0
19,0,1,789,sahig,1.0,0.0,1.0,1.0,0.0,,5.0,,1.0,0
19,0,1,790,nilapag,0.0,1.0,1.0,1.0,0.0,,7.0,,3.0,0
19,0,1,791,kahapon,0.0,0.0,1.0,1.0,0.0,,7.0,,3.0,0
19,0,1,792,Maligsing,1.0,0.0,1.0,1.0,0.0,,9.0,,3.0,0
19,0,1,793,tugon,1.0,0.0,1.0,1.0,0.0,,5.0,,2.0,0
19,0,1,794,ni,0.0,0.0,1.0,0.0,0.0,,2.0,,1.0,0
19,0,1,795,Maya,1.0,0.0,1.0,1.0,0.0,,4.0,,1.0,0
19,0,1,796,sa,0.0,0.0,1.0,0.0,0.0,,2.0,,0.0,0
19,0,1,797,kanyang,0.0,0.0,1.0,0.0,0.0,,7.0,,2.0,0
19,0,1,798,Inay,1.0,0.0,1.0,1.0,0.0,,4.0,,1.0,0
19,0,1,799,dali-daling,0.0,0.0,1.0,1.0,0.0,,11.0,,5.0,1
19,0,1,800,tumalikod,0.0,1.0,1.0,1.0,0.0,,9.0,,4.0,1
19,0,1,801,si,0.0,0.0,1.0,0.0,0.0,,2.0,,0.0,0
19,0,1,802,aling,0.0,0.0,1.0,0.0,0.0,,5.0,,2.0,0
19,0,1,803,Memay,1.0,0.0,1.0,1.0,0.0,,5.0,,2.0,0
19,0,1,804,at,0.0,0.0,1.0,0.0,0.0,,2.0,,0.0,0
19,0,1,805,nagtungo,0.0,1.0,1.0,1.0,0.0,,8.0,,3.0,0
19,0,1,806,sa,0.0,0.0,1.0,0.0,0.0,,2.0,,0.0,0
19,0,1,807,bodega,1.0,0.0,1.0,1.0,0.0,,6.0,,3.0,0
19,0,1,808,ito,0.0,0.0,1.0,0.0,0.0,,3.0,,1.0,0
19,0,1,809,ba,0.0,0.0,1.0,1.0,0.0,,2.0,,1.0,0
19,0,1,810,na,0.0,0.0,1.0,0.0,0.0,,2.0,,1.0,0
19,0,1,811,kahon,1.0,0.0,1.0,1.0,0.0,,5.0,,2.0,0
19,0,1,812,Maya,1.0,0.0,1.0,1.0,0.0,,4.0,,1.0,0
19,0,1,813,Tanong,1.0,0.0,1.0,1.0,0.0,,6.0,,3.0,0
19,0,1,814,ni,0.0,0.0,1.0,0.0,0.0,,2.0,,1.0,0
19,0,1,815,Maya,1.0,0.0,1.0,1.0,0.0,,4.0,,1.0,0
19,0,1,816,Upo,1.0,0.0,1.0,1.0,0.0,,3.0,,1.0,0
19,0,1,817,Inay,1.0,0.0,1.0,1.0,0.0,,4.0,,1.0,0
19,0,1,818,yan,0.0,0.0,1.0,0.0,0.0,,3.0,,0.0,0
19,0,1,819,nga,0.0,0.0,1.0,1.0,0.0,,3.0,,1.0,0
19,0,1,820,po,0.0,0.0,1.0,1.0,0.0,,2.0,,1.0,0
19,0,1,821,Sabik,1.0,0.0,1.0,1.0,0.0,,5.0,,1.0,0
19,0,1,822,na,0.0,0.0,1.0,0.0,0.0,,2.0,,1.0,0
19,0,1,823,sagot,1.0,0.0,1.0,1.0,0.0,,5.0,,1.0,0
19,0,1,824,ni,0.0,0.0,1.0,0.0,0.0,,2.0,,1.0,0
19,0,1,825,Maya,1.0,0.0,1.0,1.0,0.0,,4.0,,1.0,0
19,0,1,826,Heto,1.0,0.0,1.0,1.0,0.0,,4.0,,2.0,0
19,0,1,827,buksan,0.0,1.0,1.0,1.0,0.0,,6.0,,1.0,0
19,0,1,828,mo,0.0,0.0,1.0,0.0,0.0,,2.0,,1.0,0
19,0,1,829,wika,1.0,0.0,1.0,1.0,0.0,,4.0,,2.0,0
19,0,1,830,ng,0.0,0.0,1.0,0.0,0.0,,2.0,,1.0,0
19,0,1,831,kanyang,0.0,0.0,1.0,0.0,0.0,,7.0,,2.0,0
19,0,1,832,inay,0.0,0.0,1.0,0.0,0.0,,4.0,,1.0,0
19,0,1,833,nang,0.0,0.0,1.0,1.0,0.0,,4.0,,2.0,0
19,0,1,834,buksan,0.0,1.0,1.0,1.0,0.0,,6.0,,1.0,0
19,0,1,835,ni,0.0,0.0,1.0,0.0,0.0,,2.0,,1.0,0
19,0,1,836,Maya,1.0,0.0,1.0,1.0,0.0,,4.0,,1.0,0
19,0,1,837,nagningning,0.0,1.0,1.0,1.0,0.0,,11.0,,5.0,1
19,0,1,838,ang,0.0,0.0,1.0,0.0,0.0,,3.0,,1.0,0
19,0,1,839,kanyang,0.0,0.0,1.0,0.0,0.0,,7.0,,2.0,0
19,0,1,840,mga,0.0,0.0,1.0,0.0,0.0,,3.0,,1.0,0
19,0,1,841,mata,1.0,0.0,1.0,1.0,0.0,,4.0,,2.0,0
19,0,1,842,nang,0.0,0.0,1.0,1.0,0.0,,4.0,,2.0,0
19,0,1,843,makita,0.0,1.0,1.0,1.0,0.0,,6.0,,3.0,0
19,0,1,844,sa,0.0,0.0,1.0,0.0,0.0,,2.0,,0.0,0
19,0,1,845,loob,1.0,0.0,1.0,1.0,0.0,,4.0,,1.0,0
19,0,1,846,ng,0.0,0.0,1.0,0.0,0.0,,2.0,,1.0,0
19,0,1,847,kahon,1.0,0.0,1.0,1.0,0.0,,5.0,,2.0,0
19,0,1,848,si,0.0,0.0,1.0,0.0,0.0,,2.0,,0.0,0
19,0,1,849,Meya,1.0,0.0,1.0,1.0,0.0,,4.0,,1.0,0
19,0,1,850,Manika,1.0,0.0,1.0,1.0,0.0,,6.0,,3.0,0
19,0,1,851,Maraming-maraming,1.0,0.0,1.0,1.0,0.0,,17.0,,8.0,1
19,0,1,852,salamat,0.0,0.0,1.0,1.0,0.0,,7.0,,2.0,0
19,0,1,853,po,0.0,0.0,1.0,1.0,0.0,,2.0,,1.0,0
19,0,1,854,Inay,1.0,0.0,1.0,1.0,0.0,,4.0,,1.0,0
19,0,1,855,Niyakap,1.0,0.0,1.0,1.0,0.0,,7.0,,2.0,0
19,0,1,856,nang,0.0,0.0,1.0,1.0,0.0,,4.0,,2.0,0
19,0,1,857,mahigpit,0.0,0.0,1.0,1.0,0.0,,8.0,,3.0,0
19,0,1,858,ni,0.0,0.0,1.0,0.0,0.0,,2.0,,1.0,0
19,0,1,859,Maya,1.0,0.0,1.0,1.0,0.0,,4.0,,1.0,0
19,0,1,860,si,0.0,0.0,1.0,0.0,0.0,,2.0,,0.0,0
19,0,1,861,Meya,1.0,0.0,1.0,1.0,0.0,,4.0,,1.0,0
19,0,1,862,Manika,1.0,0.0,1.0,1.0,0.0,,6.0,,3.0,0
19,0,1,863,Masayang-masaya,1.0,0.0,1.0,1.0,0.0,,15.0,,3.0,0
19,0,1,864,din,0.0,0.0,1.0,1.0,0.0,,3.0,,1.0,0
19,0,1,865,ang,0.0,0.0,1.0,0.0,0.0,,3.0,,1.0,0
19,0,1,866,kanyang,0.0,0.0,1.0,0.0,0.0,,7.0,,2.0,0
19,0,1,867,mga,0.0,0.0,1.0,0.0,0.0,,3.0,,1.0,0
19,0,1,868,kapatid,1.0,0.0,1.0,1.0,0.0,,7.0,,3.0,0
19,0,1,869,pinaalalahanan,0.0,1.0,1.0,1.0,0.0,,14.0,,6.0,1
19,0,1,870,ni,0.0,0.0,1.0,0.0,0.0,,2.0,,1.0,0
19,0,1,871,aling,0.0,0.0,1.0,0.0,0.0,,5.0,,2.0,0
19,0,1,872,Memay,1.0,0.0,1.0,1.0,0.0,,5.0,,2.0,0
19,0,1,873,ang,0.0,0.0,1.0,0.0,0.0,,3.0,,1.0,0
19,0,1,874,kanyang,0.0,0.0,1.0,0.0,0.0,,7.0,,2.0,0
19,0,1,875,mga,0.0,0.0,1.0,0.0,0.0,,3.0,,1.0,0
19,0,1,876,anak,1.0,0.0,1.0,1.0,0.0,,4.0,,1.0,0
19,0,1,877,na,0.0,0.0,1.0,0.0,0.0,,2.0,,1.0,0
19,0,1,878,kapag,0.0,0.0,1.0,0.0,0.0,,5.0,,2.0,0
19,0,1,879,kayo,0.0,0.0,1.0,0.0,0.0,,4.0,,1.0,0
19,0,1,880,ay,0.0,0.0,1.0,0.0,0.0,,2.0,,0.0,0
19,0,1,881,maglalaro,0.0,1.0,1.0,1.0,0.0,,9.0,,4.0,1
19,0,1,882,siguraduhing,0.0,0.0,1.0,1.0,0.0,,12.0,,5.0,1
19,0,1,883,iligpit,0.0,1.0,1.0,1.0,0.0,,7.0,,2.0,0
19,0,1,884,sa,0.0,0.0,1.0,0.0,0.0,,2.0,,0.0,0
19,0,1,885,tamang,0.0,0.0,1.0,1.0,0.0,,6.0,,3.0,0
19,0,1,886,lalagyan,1.0,0.0,1.0,1.0,0.0,,8.0,,2.0,0
19,0,1,887,ang,0.0,0.0,1.0,0.0,0.0,,3.0,,1.0,0
19,0,1,888,inyong,0.0,0.0,1.0,0.0,0.0,,6.0,,1.0,0
19,0,1,889,mga,0.0,0.0,1.0,0.0,0.0,,3.0,,1.0,0
19,0,1,890,laruan,1.0,0.0,1.0,1.0,0.0,,6.0,,2.0,0
19,0,1,891,Pahalagahan,1.0,0.0,1.0,1.0,0.0,,11.0,,5.0,1
19,0,1,892,ninyo,0.0,0.0,1.0,0.0,0.0,,5.0,,1.0,0
19,0,1,893,ang,0.0,0.0,1.0,0.0,0.0,,3.0,,1.0,0
19,0,1,894,ano,0.0,0.0,1.0,0.0,0.0,,3.0,,1.0,0
19,0,1,895,mang,0.0,0.0,1.0,1.0,0.0,,4.0,,2.0,0
19,0,1,896,bagay,1.0,0.0,1.0,1.0,0.0,,5.0,,2.0,0
19,0,1,897,na,0.0,0.0,1.0,0.0,0.0,,2.0,,1.0,0
19,0,1,898,nasa,0.0,0.0,1.0,1.0,0.0,,4.0,,1.0,0
19,0,1,899,inyo,0.0,0.0,1.0,0.0,0.0,,4.0,,0.0,0
19,0,1,900,wika,1.0,0.0,1.0,1.0,0.0,,4.0,,2.0,0
19,0,1,901,ng,0.0,0.0,1.0,0.0,0.0,,2.0,,1.0,0
19,0,1,902,kanilang,0.0,0.0,1.0,0.0,0.0,,8.0,,4.0,1
19,0,1,903,Inay,1.0,0.0,1.0,1.0,0.0,,4.0,,1.0,0
19,0,1,904,Opo,1.0,0.0,1.0,1.0,0.0,,3.0,,1.0,0
19,0,1,905,Inay,1.0,0.0,1.0,1.0,0.0,,4.0,,1.0,0
19,0,1,906,patawad,0.0,0.0,1.0,1.0,0.0,,7.0,,3.0,0
19,0,1,907,po,0.0,0.0,1.0,1.0,0.0,,2.0,,1.0,0
19,0,1,908,nakalimutan,0.0,1.0,1.0,1.0,0.0,,11.0,,5.0,1
19,0,1,909,kong,0.0,0.0,1.0,0.0,0.0,,4.0,,2.0,0
19,0,1,910,iligpit,0.0,1.0,1.0,1.0,0.0,,7.0,,2.0,0
19,0,1,911,ang,0.0,0.0,1.0,0.0,0.0,,3.0,,1.0,0
19,0,1,912,aking,0.0,0.0,1.0,0.0,0.0,,5.0,,2.0,0
19,0,1,913,manika,1.0,0.0,1.0,1.0,0.0,,6.0,,3.0,0
19,0,1,914,malumanay,0.0,0.0,1.0,1.0,0.0,,9.0,,4.0,1
19,0,1,915,na,0.0,0.0,1.0,0.0,0.0,,2.0,,1.0,0
19,0,1,916,sagot,1.0,0.0,1.0,1.0,0.0,,5.0,,1.0,0
19,0,1,917,ni,0.0,0.0,1.0,0.0,0.0,,2.0,,1.0,0
19,0,1,918,Maya,1.0,0.0,1.0,1.0,0.0,,4.0,,1.0,0
19,0,1,919,Opo,1.0,0.0,1.0,1.0,0.0,,3.0,,1.0,0
19,0,1,920,Inay,1.0,0.0,1.0,1.0,0.0,,4.0,,1.0,0
19,0,1,921,sagot,1.0,0.0,1.0,1.0,0.0,,5.0,,1.0,0
19,0,1,922,din,0.0,0.0,1.0,1.0,0.0,,3.0,,1.0,0
19,0,1,923,ni,0.0,0.0,1.0,0.0,0.0,,2.0,,1.0,0
19,0,1,924,Kuya,1.0,0.0,1.0,1.0,0.0,,4.0,,1.0,0
19,0,1,925,Miguel,1.0,0.0,1.0,1.0,0.0,,6.0,,2.0,0
19,0,1,926,at,0.0,0.0,1.0,0.0,0.0,,2.0,,0.0,0
19,0,1,927,Marco,1.0,0.0,1.0,1.0,0.0,,5.0,,2.0,0
19,0,1,928,Hinalikan,1.0,0.0,1.0,1.0,0.0,,9.0,,4.0,1
19,0,1,929,at,0.0,0.0,1.0,0.0,0.0,,2.0,,0.0,0
19,0,1,930,niyaakap,0.0,1.0,1.0,1.0,0.0,,8.0,,2.0,0
19,0,1,931,muli,0.0,0.0,1.0,1.0,0.0,,4.0,,2.0,0
19,0,1,932,Maya,1.0,0.0,1.0,1.0,0.0,,4.0,,1.0,0
19,0,1,933,si,0.0,0.0,1.0,0.0,0.0,,2.0,,0.0,0
19,0,1,934,Meya,1.0,0.0,1.0,1.0,0.0,,4.0,,1.0,0
19,0,1,935,Manika,1.0,0.0,1.0,1.0,0.0,,6.0,,3.0,0
19,0,2,0,si Maya,0.5,0.0,1.0,0.5,0.0,,3.0,,0.5,0
19,0,2,1,Maya ay,0.5,0.0,1.0,0.5,0.0,,3.0,,0.5,0
19,0,2,2,ay pangalawa,0.0,0.0,1.0,0.5,0.0,,5.5,,2.0,1
19,0,2,3,pangalawa sa,0.0,0.0,1.0,0.5,0.0,,5.5,,2.0,1
19,0,2,4,sa tatlong,0.0,0.0,1.0,0.5,0.0,,4.5,,1.5,0
19,0,2,5,tatlong magkakapatid,0.5,0.0,1.0,1.0,0.0,,9.5,,4.0,1
19,0,2,6,magkakapatid nakatira,0.5,0.5,1.0,1.0,0.0,,10.0,,4.5,2
19,0,2,7,nakatira sila,0.0,0.5,1.0,0.5,0.0,,6.0,,2.5,1
19,0,2,8,sila sa,0.0,0.0,1.0,0.0,0.0,,3.0,,0.5,0
19,0,2,9,sa abang,0.0,0.0,1.0,0.5,0.0,,3.5,,1.0,0
19,0,2,10,abang tahanan,0.5,0.0,1.0,1.0,0.0,,6.0,,2.5,0
19,0,2,11,tahanan ng,0.5,0.0,1.0,0.5,0.0,,4.5,,2.0,0
19,0,2,12,ng Barangay,0.5,0.0,1.0,0.5,0.0,,5.0,,2.0,0
19,0,2,13,Barangay San,1.0,0.0,1.0,1.0,0.0,,5.5,,1.5,0
19,0,2,14,San Isidro,1.0,0.0,1.0,1.0,0.0,,4.5,,0.5,0
19,0,2,15,Isidro lungsod,1.0,0.0,1.0,1.0,0.0,,6.5,,1.5,0
19,0,2,16,lungsod ng,0.5,0.0,1.0,0.5,0.0,,4.5,,1.5,0
19,0,2,17,ng Heneral,0.5,0.0,1.0,0.5,0.0,,4.5,,2.0,0
19,0,2,18,Heneral Santos,1.0,0.0,1.0,1.0,0.0,,6.5,,2.0,0
19,0,2,19,Santos Mapagmahal,1.0,0.0,1.0,1.0,0.0,,8.0,,2.5,1
19,0,2,20,Mapagmahal ang,0.5,0.0,1.0,0.5,0.0,,6.5,,2.5,1
19,0,2,21,ang kanyang,0.0,0.0,1.0,0.0,0.0,,5.0,,1.5,0
19,0,2,22,kanyang mga,0.0,0.0,1.0,0.0,0.0,,5.0,,1.5,0
19,0,2,23,mga magulang,0.5,0.0,1.0,0.5,0.0,,5.5,,2.5,1
19,0,2,24,magulang na,0.5,0.0,1.0,0.5,0.0,,5.0,,2.5,1
19,0,2,25,na sina,0.0,0.0,1.0,0.0,0.0,,3.0,,1.0,0
19,0,2,26,sina Mang,0.5,0.0,1.0,0.5,0.0,,4.0,,1.5,0
19,0,2,27,Mang Mando,1.0,0.0,1.0,1.0,0.0,,4.5,,2.0,0
19,0,2,28,Mando at,0.5,0.0,1.0,0.5,0.0,,3.5,,1.0,0
19,0,2,29,at aling,0.0,0.0,1.0,0.0,0.0,,3.5,,1.0,0
19,0,2,30,aling Memay,0.5,0.0,1.0,0.5,0.0,,5.0,,2.0,0
19,0,2,31,Memay Mahilig,1.0,0.0,1.0,1.0,0.0,,6.0,,2.5,0
19,0,2,32,Mahilig maglaro,0.5,0.5,1.0,1.0,0.0,,7.0,,3.0,0
19,0,2,33,maglaro si,0.0,0.5,1.0,0.5,0.0,,4.5,,1.5,0
19,0,2,34,si Maya,0.5,0.0,1.0,0.5,0.0,,3.0,,0.5,0
19,0,2,35,Maya sa,0.5,0.0,1.0,0.5,0.0,,3.0,,0.5,0
19,0,2,36,sa kanyang,0.0,0.0,1.0,0.0,0.0,,4.5,,1.0,0
19,0,2,37,kanyang manika,0.5,0.0,1.0,0.5,0.0,,6.5,,2.5,0
19,0,2,38,manika na,0.5,0.0,1.0,0.5,0.0,,4.0,,2.0,0
19,0,2,39,na bigay,0.0,0.5,1.0,0.5,0.0,,3.5,,1.5,0
19,0,2,40,bigay ng,0.0,0.5,1.0,0.5,0.0,,3.5,,1.5,0
19,0,2,41,ng kanyang,0.0,0.0,1.0,0.0,0.0,,4.5,,1.5,0
19,0,2,42,kanyang Ante,0.5,0.0,1.0,0.5,0.0,,5.5,,1.5,0
19,0,2,43,Ante Anna,1.0,0.0,1.0,1.0,0.0,,4.0,,1.0,0
19,0,2,44,Anna Araw,1.0,0.0,1.0,1.0,0.0,,4.0,,1.0,0
19,0,2,45,Araw ng,0.5,0.0,1.0,0.5,0.0,,3.0,,1.0,0
19,0,2,46,ng Sabado,0.5,0.0,1.0,0.5,0.0,,4.0,,1.5,0
19,0,2,47,Sabado naglalaro,0.5,0.5,1.0,1.0,0.0,,7.5,,3.0,1
19,0,2,48,naglalaro ang,0.0,0.5,1.0,0.5,0.0,,6.0,,2.5,1
19,0,2,49,ang magkakapatid,0.5,0.0,1.0,0.5,0.0,,7.5,,3.0,1
19,0,2,50,magkakapatid Kuya,1.0,0.0,1.0,1.0,0.0,,8.0,,3.0,1
19,0,2,51,Kuya Miguel,1.0,0.0,1.0,1.0,0.0,,5.0,,1.5,0
19,0,2,52,Miguel maglalaro,0.5,0.5,1.0,1.0,0.0,,7.5,,3.0,1
19,0,2,53,maglalaro tayo,0.0,0.5,1.0,0.5,0.0,,6.5,,2.5,1
19,0,2,54,tayo ng,0.0,0.0,1.0,0.0,0.0,,3.0,,1.0,0
19,0,2,55,ng manika,0.5,0.0,1.0,0.5,0.0,,4.0,,2.0,0
19,0,2,56,manika ko,0.5,0.0,1.0,0.5,0.0,,4.0,,2.0,0
19,0,2,57,ko tawag,0.5,0.0,1.0,0.5,0.0,,3.5,,1.5,0
19,0,2,58,tawag ni,0.5,0.0,1.0,0.5,0.0,,3.5,,1.5,0
19,0,2,59,ni Maya,0.5,0.0,1.0,0.5,0.0,,3.0,,1.0,0
19,0,2,60,Maya sa,0.5,0.0,1.0,0.5,0.0,,3.0,,0.5,0
19,0,2,61,sa kanyang,0.0,0.0,1.0,0.0,0.0,,4.5,,1.0,0
19,0,2,62,kanyang nakatatandang,0.0,0.0,1.0,0.5,0.0,,10.0,,4.0,1
19,0,2,63,nakatatandang kapatid,0.5,0.0,1.0,1.0,0.0,,10.0,,4.5,1
19,0,2,64,kapatid Bog,1.0,0.0,1.0,1.0,0.0,,5.0,,2.0,0
19,0,2,65,Bog #Bog,1.0,0.0,1.0,1.0,0.0,,3.5,,1.0,0
19,0,2,66,#Bog #Bog,1.0,0.0,0.5,1.0,0.0,,4.0,,1.0,0
19,0,2,67,#Bog sandali,0.5,0.0,1.0,1.0,0.0,,5.5,,1.5,0
19,0,2,68,sandali lamang,0.0,0.0,1.0,1.0,0.0,,6.5,,2.5,0
19,0,2,69,lamang naglalaro,0.0,0.5,1.0,1.0,0.0,,7.5,,3.5,1
19,0,2,70,naglalaro pa,0.0,0.5,1.0,1.0,0.0,,5.5,,2.5,1
19,0,2,71,pa kami,0.0,0.0,1.0,0.5,0.0,,3.0,,1.5,0
19,0,2,72,kami ni,0.0,0.0,1.0,0.0,0.0,,3.0,,1.5,0
19,0,2,73,ni Marco,0.5,0.0,1.0,0.5,0.0,,3.5,,1.5,0
19,0,2,74,Marco ng,0.5,0.0,1.0,0.5,0.0,,3.5,,1.5,0
19,0,2,75,ng basketball,0.5,0.0,1.0,0.5,0.0,,6.0,,2.0,0
19,0,2,76,basketball tugon,1.0,0.0,1.0,1.0,0.0,,7.5,,2.5,0
19,0,2,77,tugon naman,0.5,0.0,1.0,1.0,0.0,,5.0,,2.0,0
19,0,2,78,naman ng,0.0,0.0,1.0,0.5,0.0,,3.5,,1.5,0
19,0,2,79,ng kanyang,0.0,0.0,1.0,0.0,0.0,,4.5,,1.5,0
19,0,2,80,kanyang Kuya,0.5,0.0,1.0,0.5,0.0,,5.5,,1.5,0
19,0,2,81,Kuya Miguel,1.0,0.0,1.0,1.0,0.0,,5.0,,1.5,0
19,0,2,82,Miguel si,0.5,0.0,1.0,0.5,0.0,,4.0,,1.0,0
19,0,2,83,si Marco,0.5,0.0,1.0,0.5,0.0,,3.5,,1.0,0
19,0,2,84,Marco ay,0.5,0.0,1.0,0.5,0.0,,3.5,,1.0,0
19,0,2,85,ay ang,0.0,0.0,1.0,0.0,0.0,,2.5,,0.5,0
19,0,2,86,ang kanilang,0.0,0.0,1.0,0.0,0.0,,5.5,,2.5,1
19,0,2,87,kanilang nakababatang,0.0,0.0,1.0,0.5,0.0,,10.0,,5.0,2
19,0,2,88,nakababatang kapatid,0.5,0.0,1.0,1.0,0.0,,9.5,,4.5,1
19,0,2,89,kapatid Mag-isa,1.0,0.0,1.0,1.0,0.0,,7.0,,2.0,0
19,0,2,90,Mag-isa na,0.5,0.0,1.0,0.5,0.0,,4.5,,1.0,0
19,0,2,91,na lamang,0.0,0.0,1.0,0.5,0.0,,4.0,,2.0,0
19,0,2,92,lamang naglaro,0.0,0.5,1.0,1.0,0.0,,6.5,,3.0,0
19,0,2,93,naglaro si,0.0,0.5,1.0,0.5,0.0,,4.5,,1.5,0
19,0,2,94,si Maya,0.5,0.0,1.0,0.5,0.0,,3.0,,0.5,0
19,0,2,95,Maya sa,0.5,0.0,1.0,0.5,0.0,,3.0,,0.5,0
19,0,2,96,sa kanyang,0.0,0.0,1.0,0.0,0.0,,4.5,,1.0,0
19,0,2,97,kanyang manika,0.5,0.0,1.0,0.5,0.0,,6.5,,2.5,0
19,0,2,98,manika na,0.5,0.0,1.0,0.5,0.0,,4.0,,2.0,0
19,0,2,99,na pinangalanan,0.0,0.5,1.0,0.5,0.0,,7.0,,3.0,1
19,0,2,100,pinangalanan niyang,0.0,0.5,1.0,0.5,0.0,,9.0,,3.5,1
19,0,2,101,niyang Meya,0.5,0.0,1.0,0.5,0.0,,5.0,,1.5,0
19,0,2,102,Meya Mmmmm,1.0,0.0,1.0,1.0,0.0,,4.5,,0.5,0
19,0,2,103,Mmmmm mmmmm,0.5,0.0,1.0,0.5,0.0,,5.0,,0.0,0
19,0,2,104,mmmmm tulog,0.5,0.0,1.0,0.5,0.0,,5.0,,1.0,0
19,0,2,105,tulog na,0.5,0.0,1.0,0.5,0.0,,3.5,,1.5,0
19,0,2,106,na tulog,0.5,0.0,1.0,0.5,0.0,,3.5,,1.5,0
19,0,2,107,tulog na,0.5,0.0,1.0,0.5,0.0,,3.5,,1.5,0
19,0,2,108,na Meya,0.5,0.0,1.0,0.5,0.0,,3.0,,1.0,0
19,0,2,109,Meya kong,0.5,0.0,1.0,0.5,0.0,,4.0,,1.5,0
19,0,2,110,kong mahal,0.0,0.0,1.0,0.5,0.0,,4.5,,2.0,0
19,0,2,111,mahal Awit,0.5,0.0,1.0,1.0,0.0,,4.5,,1.5,0
19,0,2,112,Awit ni,0.5,0.0,1.0,0.5,0.0,,3.0,,1.0,0
19,0,2,113,ni Maya,0.5,0.0,1.0,0.5,0.0,,3.0,,1.0,0
19,0,2,114,Maya habang,0.5,0.0,1.0,1.0,0.0,,5.0,,2.0,0
19,0,2,115,habang inuugoy,0.0,0.5,1.0,1.0,0.0,,6.5,,2.5,0
19,0,2,116,inuugoy ang,0.0,0.5,1.0,0.5,0.0,,5.0,,1.5,0
19,0,2,117,ang kanyang,0.0,0.0,1.0,0.0,0.0,,5.0,,1.5,0
19,0,2,118,kanyang manika,0.5,0.0,1.0,0.5,0.0,,6.5,,2.5,0
19,0,2,119,manika inilapag,0.5,0.5,1.0,1.0,0.0,,7.0,,3.0,0
19,0,2,120,inilapag niya,0.0,0.5,1.0,0.5,0.0,,6.0,,2.0,0
19,0,2,121,niya ito,0.0,0.0,1.0,0.0,0.0,,3.5,,1.0,0
19,0,2,122,ito sa,0.0,0.0,1.0,0.0,0.0,,2.5,,0.5,0
19,0,2,123,sa loob,0.5,0.0,1.0,0.5,0.0,,3.0,,0.5,0
19,0,2,124,loob ng,0.5,0.0,1.0,0.5,0.0,,3.0,,1.0,0
19,0,2,125,ng kahon,0.5,0.0,1.0,0.5,0.0,,3.5,,1.5,0
19,0,2,126,kahon bilang,0.5,0.0,1.0,0.5,0.0,,5.5,,2.5,0
19,0,2,127,bilang kama,0.5,0.0,1.0,0.5,0.0,,5.0,,2.5,0
19,0,2,128,kama ng,0.5,0.0,1.0,0.5,0.0,,3.0,,1.5,0
19,0,2,129,ng kanyang,0.0,0.0,1.0,0.0,0.0,,4.5,,1.5,0
19,0,2,130,kanyang manika,0.5,0.0,1.0,0.5,0.0,,6.5,,2.5,0
19,0,2,131,manika pumunta,0.5,0.5,1.0,1.0,0.0,,6.5,,3.0,0
19,0,2,132,pumunta si,0.0,0.5,1.0,0.5,0.0,,4.5,,1.5,0
19,0,2,133,si Maya,0.5,0.0,1.0,0.5,0.0,,3.0,,0.5,0
19,0,2,134,Maya sa,0.5,0.0,1.0,0.5,0.0,,3.0,,0.5,0
19,0,2,135,sa kusina,0.5,0.0,1.0,0.5,0.0,,4.0,,1.0,0
19,0,2,136,kusina upang,0.5,0.0,1.0,0.5,0.0,,5.5,,2.0,0
19,0,2,137,upang uminom,0.0,0.5,1.0,0.5,0.0,,5.5,,2.0,0
19,0,2,138,uminom ng,0.0,0.5,1.0,0.5,0.0,,4.0,,1.5,0
19,0,2,139,ng tubig,0.5,0.0,1.0,0.5,0.0,,3.5,,1.5,0
19,0,2,140,tubig nakita,0.5,0.5,1.0,1.0,0.0,,5.5,,2.5,0
19,0,2,141,nakita niya,0.0,0.5,1.0,0.5,0.0,,5.0,,2.0,0
19,0,2,142,niya sa,0.0,0.0,1.0,0.0,0.0,,3.0,,0.5,0
19,0,2,143,sa labas,0.0,0.0,1.0,0.5,0.0,,3.5,,1.0,0
19,0,2,144,labas ang,0.0,0.0,1.0,0.5,0.0,,4.0,,1.5,0
19,0,2,145,ang dalawa,0.0,0.0,1.0,0.0,0.0,,4.5,,2.0,0
19,0,2,146,dalawa niyang,0.0,0.0,1.0,0.0,0.0,,6.0,,2.5,0
19,0,2,147,niyang kapatid,0.5,0.0,1.0,0.5,0.0,,6.5,,2.5,0
19,0,2,148,kapatid na,0.5,0.0,1.0,0.5,0.0,,4.5,,2.0,0
19,0,2,149,na naglalaro,0.0,0.5,1.0,0.5,0.0,,5.5,,2.5,1
19,0,2,150,naglalaro ng,0.0,0.5,1.0,0.5,0.0,,5.5,,2.5,1
19,0,2,151,ng bola,0.5,0.0,1.0,0.5,0.0,,3.0,,1.5,0
19,0,2,152,bola Kuya,1.0,0.0,1.0,1.0,0.0,,4.0,,1.5,0
19,0,2,153,Kuya Miguel,1.0,0.0,1.0,1.0,0.0,,5.0,,1.5,0
19,0,2,154,Miguel ipasa,0.5,0.5,1.0,1.0,0.0,,5.5,,1.5,0
19,0,2,155,ipasa mo,0.0,0.5,1.0,0.5,0.0,,3.5,,1.0,0
19,0,2,156,mo rin,0.0,0.0,1.0,0.5,0.0,,2.5,,1.0,0
19,0,2,157,rin sa,0.0,0.0,1.0,0.5,0.0,,2.5,,0.5,0
19,0,2,158,sa akin,0.0,0.0,1.0,0.0,0.0,,3.0,,0.5,0
19,0,2,159,akin ang,0.0,0.0,1.0,0.0,0.0,,3.5,,1.0,0
19,0,2,160,ang bola,0.5,0.0,1.0,0.5,0.0,,3.5,,1.5,0
19,0,2,161,bola nakangiting,0.5,0.5,1.0,1.0,0.0,,7.5,,3.5,1
19,0,2,162,nakangiting sigaw,0.5,0.5,1.0,1.0,0.0,,8.0,,3.0,1
19,0,2,163,sigaw ni,0.5,0.0,1.0,0.5,0.0,,3.5,,1.0,0
19,0,2,164,ni Maya,0.5,0.0,1.0,0.5,0.0,,3.0,,1.0,0
19,0,2,165,Maya eto,0.5,0.0,1.0,0.5,0.0,,3.5,,1.0,0
19,0,2,166,eto saluin,0.0,0.5,1.0,0.5,0.0,,4.5,,1.0,0
19,0,2,167,saluin mo,0.0,0.5,1.0,0.5,0.0,,4.0,,1.0,0
19,0,2,168,mo ang,0.0,0.0,1.0,0.0,0.0,,2.5,,1.0,0
19,0,2,169,ang bola,0.5,0.0,1.0,0.5,0.0,,3.5,,1.5,0
19,0,2,170,bola Maya,1.0,0.0,1.0,1.0,0.0,,4.0,,1.5,0
19,0,2,171,Maya Tugon,1.0,0.0,1.0,1.0,0.0,,4.5,,1.5,0
19,0,2,172,Tugon ni,0.5,0.0,1.0,0.5,0.0,,3.5,,1.5,0
19,0,2,173,ni Kuya,0.5,0.0,1.0,0.5,0.0,,3.0,,1.0,0
19,0,2,174,Kuya Miguel,1.0,0.0,1.0,1.0,0.0,,5.0,,1.5,0
19,0,2,175,Miguel Wow,1.0,0.0,1.0,1.0,0.0,,4.5,,1.5,0
19,0,2,176,Wow ang,0.5,0.0,1.0,0.5,0.0,,3.0,,1.0,0
19,0,2,177,ang galing,0.0,0.0,1.0,0.5,0.0,,4.5,,2.0,0
19,0,2,178,galing mo,0.0,0.0,1.0,0.5,0.0,,4.0,,2.0,0
19,0,2,179,mo Ate,0.5,0.0,1.0,0.5,0.0,,2.5,,1.0,0
19,0,2,180,Ate Maya,1.0,0.0,1.0,1.0,0.0,,3.5,,1.0,0
19,0,2,181,Maya nasalo,0.5,0.5,1.0,1.0,0.0,,5.0,,1.5,0
19,0,2,182,nasalo mo,0.0,0.5,1.0,0.5,0.0,,4.0,,1.5,0
19,0,2,183,mo papuri,0.5,0.0,1.0,0.5,0.0,,4.0,,2.0,0
19,0,2,184,papuri ni,0.5,0.0,1.0,0.5,0.0,,4.0,,2.0,0
19,0,2,185,ni Marco,0.5,0.0,1.0,0.5,0.0,,3.5,,1.5,0
19,0,2,186,Marco sa,0.5,0.0,1.0,0.5,0.0,,3.5,,1.0,0
19,0,2,187,sa kanyang,0.0,0.0,1.0,0.0,0.0,,4.5,,1.0,0
19,0,2,188,kanyang ate,0.0,0.0,1.0,0.0,0.0,,5.0,,1.5,0
19,0,2,189,ate lumabas,0.0,0.5,1.0,0.5,0.0,,5.0,,2.0,0
19,0,2,190,lumabas sila,0.0,0.5,1.0,0.5,0.0,,5.5,,2.0,0
19,0,2,191,sila sa,0.0,0.0,1.0,0.0,0.0,,3.0,,0.5,0
19,0,2,192,sa kanilang,0.0,0.0,1.0,0.0,0.0,,5.0,,2.0,1
19,0,2,193,kanilang bahay,0.5,0.0,1.0,0.5,0.0,,6.5,,3.0,1
19,0,2,194,bahay upang,0.5,0.0,1.0,0.5,0.0,,5.0,,2.0,0
19,0,2,195,upang maglaro,0.0,0.5,1.0,0.5,0.0,,6.0,,2.5,0
19,0,2,196,maglaro pa,0.0,0.5,1.0,1.0,0.0,,4.5,,2.0,0
19,0,2,197,pa ng,0.0,0.0,1.0,0.5,0.0,,2.0,,1.0,0
19,0,2,198,ng habol-habolan,0.0,0.0,1.0,0.0,0.0,,7.5,,3.0,1
19,0,2,199,habol-habolan dumating,0.0,0.5,1.0,0.5,0.0,,10.5,,4.5,2
19,0,2,200,dumating ang,0.0,0.5,1.0,0.5,0.0,,5.5,,2.5,1
19,0,2,201,ang kanyang,0.0,0.0,1.0,0.0,0.0,,5.0,,1.5,0
19,0,2,202,kanyang Nanay,0.5,0.0,1.0,0.5,0.0,,6.0,,2.0,0
19,0,2,203,Nanay Memay,1.0,0.0,1.0,1.0,0.0,,5.0,,2.0,0
19,0,2,204,Memay mula,0.5,0.0,1.0,1.0,0.0,,4.5,,2.0,0
19,0,2,205,mula sa,0.0,0.0,1.0,0.5,0.0,,3.0,,1.0,0
19,0,2,206,sa palengke,0.5,0.0,1.0,0.5,0.0,,5.0,,2.0,1
19,0,2,207,palengke Mano,1.0,0.0,1.0,1.0,0.0,,6.0,,3.0,1
19,0,2,208,Mano po,0.5,0.0,1.0,1.0,0.0,,3.0,,1.5,0
19,0,2,209,po Inay,0.5,0.0,1.0,1.0,0.0,,3.0,,1.0,0
19,0,2,210,Inay patakbong,0.5,0.0,1.0,1.0,0.0,,6.5,,2.5,1
19,0,2,211,patakbong lumapit,0.0,0.5,1.0,1.0,0.0,,8.0,,3.5,1
19,0,2,212,lumapit ang,0.0,0.5,1.0,0.5,0.0,,5.0,,2.0,0
19,0,2,213,ang magkakapatid,0.5,0.0,1.0,0.5,0.0,,7.5,,3.0,1
19,0,2,214,magkakapatid maaari,0.5,0.5,1.0,1.0,0.0,,9.0,,3.5,1
19,0,2,215,maaari po,0.0,0.5,1.0,1.0,0.0,,4.0,,1.5,0
19,0,2,216,po bang,0.0,0.0,1.0,1.0,0.0,,3.0,,1.5,0
19,0,2,217,bang maglaro,0.0,0.5,1.0,1.0,0.0,,5.5,,2.5,0
19,0,2,218,maglaro pa,0.0,0.5,1.0,1.0,0.0,,4.5,,2.0,0
19,0,2,219,pa kami,0.0,0.0,1.0,0.5,0.0,,3.0,,1.5,0
19,0,2,220,kami sa,0.0,0.0,1.0,0.0,0.0,,3.0,,1.0,0
19,0,2,221,sa labas,0.0,0.0,1.0,0.5,0.0,,3.5,,1.0,0
19,0,2,222,labas Inay,0.5,0.0,1.0,1.0,0.0,,4.5,,1.5,0
19,0,2,223,Inay Paalam,1.0,0.0,1.0,1.0,0.0,,5.0,,1.5,0
19,0,2,224,Paalam ni,0.5,0.0,1.0,0.5,0.0,,4.0,,1.5,0
19,0,2,225,ni Kuya,0.5,0.0,1.0,0.5,0.0,,3.0,,1.0,0
19,0,2,226,Kuya Miguel,1.0,0.0,1.0,1.0,0.0,,5.0,,1.5,0
19,0,2,227,Miguel kay,0.5,0.0,1.0,0.5,0.0,,4.5,,1.5,0
19,0,2,228,kay aling,0.0,0.0,1.0,0.0,0.0,,4.0,,1.5,0
19,0,2,229,aling Memay,0.5,0.0,1.0,0.5,0.0,,5.0,,2.0,0
19,0,2,230,Memay O,1.0,0.0,1.0,1.0,0.0,,3.0,,1.0,0
19,0,2,231,O sige,0.5,0.0,1.0,0.5,0.0,,2.5,,0.5,0
19,0,2,232,sige mga,0.0,0.0,1.0,0.0,0.0,,3.5,,1.0,0
19,0,2,233,mga anak,0.5,0.0,1.0,0.5,0.0,,3.5,,1.0,0
19,0,2,234,anak basta,0.5,0.0,1.0,0.5,0.0,,4.5,,1.5,0
19,0,2,235,basta maging,0.0,0.5,1.0,0.5,0.0,,5.5,,2.5,0
19,0,2,236,maging maingat,0.0,0.5,1.0,1.0,0.0,,6.5,,2.5,0
19,0,2,237,maingat at,0.0,0.0,1.0,0.5,0.0,,4.5,,1.0,0
19,0,2,238,at huwag,0.0,0.0,1.0,0.5,0.0,,3.5,,1.0,0
19,0,2,239,huwag mag-aaway,0.0,0.5,1.0,1.0,0.0,,7.0,,2.0,0
19,0,2,240,mag-aaway paalala,0.5,0.5,1.0,1.0,0.0,,8.0,,2.5,0
19,0,2,241,paalala ni,0.5,0.0,1.0,0.5,0.0,,4.5,,2.0,0
19,0,2,242,ni aling,0.0,0.0,1.0,0.0,0.0,,3.5,,1.5,0
19,0,2,243,aling Memay,0.5,0.0,1.0,0.5,0.0,,5.0,,2.0,0
19,0,2,244,Memay Huli,1.0,0.0,1.0,1.0,0.0,,4.5,,2.0,0
19,0,2,245,Huli ka,0.5,0.0,1.0,0.5,0.0,,3.0,,1.5,0
19,0,2,246,ka Marco,0.5,0.0,1.0,0.5,0.0,,3.5,,1.5,0
19,0,2,247,Marco ako,0.5,0.0,1.0,0.5,0.0,,4.0,,1.5,0
19,0,2,248,ako naman,0.0,0.0,1.0,0.5,0.0,,4.0,,1.5,0
19,0,2,249,naman habulin,0.0,0.5,1.0,1.0,0.0,,6.0,,2.5,0
19,0,2,250,habulin mo,0.0,0.5,1.0,0.5,0.0,,4.5,,2.0,0
19,0,2,251,mo Marco,0.5,0.0,1.0,0.5,0.0,,3.5,,1.5,0
19,0,2,252,Marco tugon,1.0,0.0,1.0,1.0,0.0,,5.0,,2.0,0
19,0,2,253,tugon ni,0.5,0.0,1.0,0.5,0.0,,3.5,,1.5,0
19,0,2,254,ni Maya,0.5,0.0,1.0,0.5,0.0,,3.0,,1.0,0
19,0,2,255,Maya Mag-iingat,1.0,0.0,1.0,1.0,0.0,,7.0,,1.5,0
19,0,2,256,Mag-iingat kayo,0.5,0.0,1.0,0.5,0.0,,7.0,,1.5,0
19,0,2,257,kayo baka,0.0,0.0,1.0,0.5,0.0,,4.0,,1.5,0
19,0,2,258,baka madapa,0.0,0.5,1.0,1.0,0.0,,5.0,,2.5,0
19,0,2,259,madapa kayo,0.0,0.5,1.0,0.5,0.0,,5.0,,2.0,0
19,0,2,260,kayo paalala,0.5,0.0,1.0,0.5,0.0,,5.5,,2.0,0
19,0,2,261,paalala ng,0.5,0.0,1.0,0.5,0.0,,4.5,,2.0,0
19,0,2,262,ng kanilang,0.0,0.0,1.0,0.0,0.0,,5.0,,2.5,1
19,0,2,263,kanilang Kuya,0.5,0.0,1.0,0.5,0.0,,6.0,,2.5,1
19,0,2,264,Kuya Miguel,1.0,0.0,1.0,1.0,0.0,,5.0,,1.5,0
19,0,2,265,Miguel sa,0.5,0.0,1.0,0.5,0.0,,4.0,,1.0,0
19,0,2,266,sa kusina,0.5,0.0,1.0,0.5,0.0,,4.0,,1.0,0
19,0,2,267,kusina inaayos,0.5,0.5,1.0,1.0,0.0,,6.5,,1.5,0
19,0,2,268,inaayos ni,0.0,0.5,1.0,0.5,0.0,,4.5,,1.0,0
19,0,2,269,ni aling,0.0,0.0,1.0,0.0,0.0,,3.5,,1.5,0
19,0,2,270,aling Memay,0.5,0.0,1.0,0.5,0.0,,5.0,,2.0,0
19,0,2,271,Memay ang,0.5,0.0,1.0,0.5,0.0,,4.0,,1.5,0
19,0,2,272,ang kanyang,0.0,0.0,1.0,0.0,0.0,,5.0,,1.5,0
19,0,2,273,kanyang pinamili,0.0,0.5,1.0,0.5,0.0,,7.5,,3.0,1
19,0,2,274,pinamili meron,0.0,1.0,1.0,1.0,0.0,,6.5,,3.0,1
19,0,2,275,meron siyang,0.0,0.5,1.0,0.5,0.0,,5.5,,1.5,0
19,0,2,276,siyang mga,0.0,0.0,1.0,0.0,0.0,,4.5,,1.0,0
19,0,2,277,mga prutas,0.5,0.0,1.0,0.5,0.0,,4.5,,1.5,0
19,0,2,278,prutas ;,0.5,0.0,1.0,0.5,0.0,,3.5,,1.0,0
19,0,2,279,; mangga,0.0,0.5,1.0,0.5,0.0,,3.5,,1.5,0
19,0,2,280,mangga at,0.0,0.5,1.0,0.5,0.0,,4.0,,1.5,0
19,0,2,281,at mansanas,0.5,0.0,1.0,0.5,0.0,,5.0,,1.0,0
19,0,2,282,mansanas Gulay,1.0,0.0,1.0,1.0,0.0,,6.5,,2.0,0
19,0,2,283,Gulay at,0.5,0.0,1.0,0.5,0.0,,3.5,,1.0,0
19,0,2,284,at manok,0.5,0.0,1.0,0.5,0.0,,3.5,,1.0,0
19,0,2,285,manok nagligpit,0.5,0.5,1.0,1.0,0.0,,7.0,,2.5,0
19,0,2,286,nagligpit siya,0.0,0.5,1.0,0.5,0.0,,6.5,,1.5,0
19,0,2,287,siya ng,0.0,0.0,1.0,0.0,0.0,,3.0,,0.5,0
19,0,2,288,ng mga,0.0,0.0,1.0,0.0,0.0,,2.5,,1.0,0
19,0,2,289,mga kalat,0.0,0.0,1.0,0.5,0.0,,4.0,,1.5,0
19,0,2,290,kalat sa,0.0,0.0,1.0,0.5,0.0,,3.5,,1.0,0
19,0,2,291,sa loob,0.5,0.0,1.0,0.5,0.0,,3.0,,0.5,0
19,0,2,292,loob ng,0.5,0.0,1.0,0.5,0.0,,3.0,,1.0,0
19,0,2,293,ng sala,0.5,0.0,1.0,0.5,0.0,,3.0,,1.0,0
19,0,2,294,sala itinabi,0.5,0.5,1.0,1.0,0.0,,5.5,,2.0,0
19,0,2,295,itinabi ang,0.0,0.5,1.0,0.5,0.0,,5.0,,2.0,0
19,0,2,296,ang kahon,0.5,0.0,1.0,0.5,0.0,,4.0,,1.5,0
19,0,2,297,kahon at,0.5,0.0,1.0,0.5,0.0,,3.5,,1.0,0
19,0,2,298,at ipinasok,0.0,0.5,1.0,0.5,0.0,,5.0,,1.0,0
19,0,2,299,ipinasok sa,0.0,0.5,1.0,0.5,0.0,,5.0,,1.0,0
19,0,2,300,sa bodega,0.5,0.0,1.0,0.5,0.0,,4.0,,1.5,0
19,0,2,301,bodega matapos,0.5,0.5,1.0,1.0,0.0,,6.5,,3.0,0
19,0,2,302,matapos magluto,0.0,1.0,1.0,1.0,0.0,,7.0,,3.0,0
19,0,2,303,magluto tinawag,0.0,1.0,1.0,1.0,0.0,,7.0,,3.0,0
19,0,2,304,tinawag na,0.0,0.5,1.0,0.5,0.0,,4.5,,2.0,0
19,0,2,305,na niya,0.0,0.0,1.0,0.0,0.0,,3.0,,1.0,0
19,0,2,306,niya ang,0.0,0.0,1.0,0.0,0.0,,3.5,,1.0,0
19,0,2,307,ang kanyang,0.0,0.0,1.0,0.0,0.0,,5.0,,1.5,0
19,0,2,308,kanyang mga,0.0,0.0,1.0,0.0,0.0,,5.0,,1.5,0
19,0,2,309,mga anak,0.5,0.0,1.0,0.5,0.0,,3.5,,1.0,0
19,0,2,310,anak upang,0.5,0.0,1.0,0.5,0.0,,4.5,,1.5,0
19,0,2,311,upang kumain,0.0,0.5,1.0,0.5,0.0,,5.5,,2.0,0
19,0,2,312,kumain ng,0.0,0.5,1.0,0.5,0.0,,4.0,,1.5,0
19,0,2,313,ng meryenda,0.5,0.0,1.0,0.5,0.0,,5.0,,1.5,0
19,0,2,314,meryenda nandito,0.5,0.5,1.0,1.0,0.0,,7.5,,2.5,0
19,0,2,315,nandito na,0.0,0.5,1.0,0.5,0.0,,4.5,,2.0,0
19,0,2,316,na po,0.0,0.0,1.0,0.5,0.0,,2.0,,1.0,0
19,0,2,317,po kami,0.0,0.0,1.0,0.5,0.0,,3.0,,1.5,0
19,0,2,318,kami Inay,0.5,0.0,1.0,0.5,0.0,,4.0,,1.5,0
19,0,2,319,Inay bungad,1.0,0.0,1.0,1.0,0.0,,5.0,,1.5,0
19,0,2,320,bungad ni,0.5,0.0,1.0,0.5,0.0,,4.0,,1.5,0
19,0,2,321,ni Maya,0.5,0.0,1.0,0.5,0.0,,3.0,,1.0,0
19,0,2,322,Maya binigyan,0.5,0.5,1.0,1.0,0.0,,6.0,,1.5,0
19,0,2,323,binigyan sila,0.0,0.5,1.0,0.5,0.0,,6.0,,1.5,0
19,0,2,324,sila ng,0.0,0.0,1.0,0.0,0.0,,3.0,,1.0,0
19,0,2,325,ng tinapay,0.5,0.0,1.0,0.5,0.0,,4.5,,2.0,0
19,0,2,326,tinapay at,0.5,0.0,1.0,0.5,0.0,,4.5,,1.5,0
19,0,2,327,at juice,0.5,0.0,1.0,0.5,0.5,,3.5,,1.0,0
19,0,2,328,juice ni,0.5,0.0,1.0,0.5,0.5,,3.5,,1.5,0
19,0,2,329,ni aling,0.0,0.0,1.0,0.0,0.0,,3.5,,1.5,0
19,0,2,330,aling Memay,0.5,0.0,1.0,0.5,0.0,,5.0,,2.0,0
19,0,2,331,Memay salamat,0.5,0.0,1.0,1.0,0.0,,6.0,,2.0,0
19,0,2,332,salamat po,0.0,0.0,1.0,1.0,0.0,,4.5,,1.5,0
19,0,2,333,po Inay,0.5,0.0,1.0,1.0,0.0,,3.0,,1.0,0
19,0,2,334,Inay nabusog,0.5,0.5,1.0,1.0,0.0,,5.5,,1.5,0
19,0,2,335,nabusog po,0.0,0.5,1.0,1.0,0.0,,4.5,,1.5,0
19,0,2,336,po kami,0.0,0.0,1.0,0.5,0.0,,3.0,,1.5,0
19,0,2,337,kami Sabay,0.5,0.0,1.0,0.5,0.0,,4.5,,1.5,0
19,0,2,338,Sabay sabi,0.5,0.5,1.0,1.0,0.0,,4.5,,1.0,0
19,0,2,339,sabi nina,0.0,0.5,1.0,0.5,0.0,,4.0,,1.5,0
19,0,2,340,nina Kuya,0.5,0.0,1.0,0.5,0.0,,4.0,,1.5,0
19,0,2,341,Kuya Miguel,1.0,0.0,1.0,1.0,0.0,,5.0,,1.5,0
19,0,2,342,Miguel Maya,1.0,0.0,1.0,1.0,0.0,,5.0,,1.5,0
19,0,2,343,Maya at,0.5,0.0,1.0,0.5,0.0,,3.0,,0.5,0
19,0,2,344,at Marco,0.5,0.0,1.0,0.5,0.0,,3.5,,1.0,0
19,0,2,345,Marco kinabukasan,0.5,0.0,1.0,1.0,0.0,,8.0,,3.0,1
19,0,2,346,kinabukasan magandang,0.5,0.0,1.0,1.0,0.0,,10.0,,4.0,2
19,0,2,347,magandang umaga,0.5,0.0,1.0,1.0,0.0,,7.0,,3.0,1
19,0,2,348,umaga Maya,0.5,0.0,1.0,1.0,0.0,,4.5,,1.5,0
19,0,2,349,Maya masayang,0.5,0.0,1.0,1.0,0.0,,6.0,,1.5,0
19,0,2,350,masayang bati,0.5,0.0,1.0,1.0,0.0,,6.0,,2.0,0
19,0,2,351,bati ng,0.5,0.0,1.0,0.5,0.0,,3.0,,1.5,0
19,0,2,352,ng kanyang,0.0,0.0,1.0,0.0,0.0,,4.5,,1.5,0
19,0,2,353,kanyang manika,0.5,0.0,1.0,0.5,0.0,,6.5,,2.5,0
19,0,2,354,manika magandang,1.0,0.0,1.0,1.0,0.0,,7.5,,3.5,1
19,0,2,355,magandang umaga,0.5,0.0,1.0,1.0,0.0,,7.0,,3.0,1
19,0,2,356,umaga naman,0.0,0.0,1.0,1.0,0.0,,5.0,,2.0,0
19,0,2,357,naman Meya,0.5,0.0,1.0,1.0,0.0,,4.5,,1.5,0
19,0,2,358,Meya tugon,1.0,0.0,1.0,1.0,0.0,,4.5,,1.5,0
19,0,2,359,tugon ni,0.5,0.0,1.0,0.5,0.0,,3.5,,1.5,0
19,0,2,360,ni Maya,0.5,0.0,1.0,0.5,0.0,,3.0,,1.0,0
19,0,2,361,Maya sa,0.5,0.0,1.0,0.5,0.0,,3.0,,0.5,0
19,0,2,362,sa kanyang,0.0,0.0,1.0,0.0,0.0,,4.5,,1.0,0
19,0,2,363,kanyang Manika,0.5,0.0,1.0,0.5,0.0,,6.5,,2.5,0
19,0,2,364,Manika Halika,1.0,0.0,1.0,1.0,0.0,,6.0,,3.0,0
19,0,2,365,Halika maglaro,0.5,0.5,1.0,1.0,0.0,,6.5,,3.0,0
19,0,2,366,maglaro tayo,0.0,0.5,1.0,0.5,0.0,,5.5,,2.0,0
19,0,2,367,tayo ng,0.0,0.0,1.0,0.0,0.0,,3.0,,1.0,0
19,0,2,368,ng tagu-taguan,0.5,0.0,1.0,0.5,0.0,,6.5,,2.5,1
19,0,2,369,tagu-taguan sambit,1.0,0.0,1.0,1.0,0.0,,8.5,,2.5,1
19,0,2,370,sambit ni,0.5,0.0,1.0,0.5,0.0,,4.0,,1.0,0
19,0,2,371,ni Meya,0.5,0.0,1.0,0.5,0.0,,3.0,,1.0,0
19,0,2,372,Meya Manika,1.0,0.0,1.0,1.0,0.0,,5.0,,2.0,0
19,0,2,373,Manika isa,0.5,0.0,1.0,0.5,0.0,,4.5,,1.5,0
19,0,2,374,isa dalawa,0.0,0.0,1.0,0.0,0.0,,4.5,,1.5,0
19,0,2,375,dalawa tatlo,0.0,0.0,1.0,0.0,0.0,,5.5,,2.5,0
19,0,2,376,tatlo magtago,0.0,0.5,1.0,0.5,0.0,,6.0,,2.5,0
19,0,2,377,magtago kana,0.0,0.5,1.0,1.0,0.0,,5.5,,2.5,0
19,0,2,378,kana hinanap,0.0,0.5,1.0,1.0,0.0,,5.5,,2.5,0
19,0,2,379,hinanap ni,0.0,0.5,1.0,0.5,0.0,,4.5,,2.0,0
19,0,2,380,ni Maya,0.5,0.0,1.0,0.5,0.0,,3.0,,1.0,0
19,0,2,381,Maya si,0.5,0.0,1.0,0.5,0.0,,3.0,,0.5,0
19,0,2,382,si Meya,0.5,0.0,1.0,0.5,0.0,,3.0,,0.5,0
19,0,2,383,Meya Manika,1.0,0.0,1.0,1.0,0.0,,5.0,,2.0,0
19,0,2,384,Manika sumilip,0.5,0.5,1.0,1.0,0.0,,6.5,,2.5,0
19,0,2,385,sumilip sya,0.0,0.5,1.0,0.5,0.0,,5.0,,1.0,0
19,0,2,386,sya sa,0.0,0.0,1.0,0.0,0.0,,2.5,,0.0,0
19,0,2,387,sa ilalim,0.0,0.0,1.0,0.5,0.0,,4.0,,1.0,0
19,0,2,388,ilalim ng,0.0,0.0,1.0,0.5,0.0,,4.0,,1.5,0
19,0,2,389,ng kama,0.5,0.0,1.0,0.5,0.0,,3.0,,1.5,0
19,0,2,390,kama Huli,1.0,0.0,1.0,1.0,0.0,,4.0,,2.0,0
19,0,2,391,Huli ka,0.5,0.0,1.0,0.5,0.0,,3.0,,1.5,0
19,0,2,392,ka ngunit,0.0,0.0,1.0,0.0,0.0,,4.0,,1.5,0
19,0,2,393,ngunit walang,0.0,0.5,1.0,0.5,0.0,,6.0,,2.5,0
19,0,2,394,walang Meya,0.5,0.5,1.0,1.0,0.0,,5.0,,2.0,0
19,0,2,395,Meya pumunta,0.5,0.5,1.0,1.0,0.0,,5.5,,2.0,0
19,0,2,396,pumunta naman,0.0,0.5,1.0,1.0,0.0,,6.0,,2.5,0
19,0,2,397,naman siya,0.0,0.0,1.0,0.5,0.0,,4.5,,1.0,0
19,0,2,398,siya sa,0.0,0.0,1.0,0.0,0.0,,3.0,,0.0,0
19,0,2,399,sa kanang,0.0,0.0,1.0,0.5,0.0,,4.0,,1.5,0
19,0,2,400,kanang parte,0.5,0.0,1.0,1.0,0.0,,5.5,,2.5,0
19,0,2,401,parte ng,0.5,0.0,1.0,0.5,0.0,,3.5,,1.5,0
19,0,2,402,ng kanilang,0.0,0.0,1.0,0.0,0.0,,5.0,,2.5,1
19,0,2,403,kanilang bahay,0.5,0.0,1.0,0.5,0.0,,6.5,,3.0,1
19,0,2,404,bahay ang,0.5,0.0,1.0,0.5,0.0,,4.0,,1.5,0
19,0,2,405,ang sala,0.5,0.0,1.0,0.5,0.0,,3.5,,1.0,0
19,0,2,406,sala tahimik,0.5,0.0,1.0,1.0,0.0,,5.5,,2.0,0
19,0,2,407,tahimik at,0.0,0.0,1.0,0.5,0.0,,4.5,,1.5,0
19,0,2,408,at wala,0.0,0.5,1.0,0.5,0.0,,3.0,,1.0,0
19,0,2,409,wala parin,0.5,0.5,1.0,1.0,0.0,,4.5,,2.0,0
19,0,2,410,parin si,0.5,0.0,1.0,0.5,0.0,,3.5,,1.0,0
19,0,2,411,si Meya,0.5,0.0,1.0,0.5,0.0,,3.0,,0.5,0
19,0,2,412,Meya Aaaaahhh,1.0,0.0,1.0,1.0,0.0,,6.0,,0.5,0
19,0,2,413,Aaaaahhh alam,0.5,0.5,1.0,1.0,0.0,,6.0,,0.5,0
19,0,2,414,alam ko,0.0,0.5,1.0,0.5,0.0,,3.0,,1.0,0
19,0,2,415,ko na,0.0,0.0,1.0,0.0,0.0,,2.0,,1.0,0
19,0,2,416,na tinungo,0.0,0.5,1.0,0.5,0.0,,4.5,,2.0,0
19,0,2,417,tinungo ni,0.0,0.5,1.0,0.5,0.0,,4.5,,2.0,0
19,0,2,418,ni Maya,0.5,0.0,1.0,0.5,0.0,,3.0,,1.0,0
19,0,2,419,Maya ang,0.5,0.0,1.0,0.5,0.0,,3.5,,1.0,0
19,0,2,420,ang silid,0.5,0.0,1.0,0.5,0.0,,4.0,,1.0,0
19,0,2,421,silid nila,0.5,0.0,1.0,0.5,0.0,,4.5,,1.5,0
19,0,2,422,nila dahan-dahan,0.0,0.0,1.0,0.5,0.0,,7.5,,3.0,1
19,0,2,423,dahan-dahan niyang,0.0,0.0,1.0,0.5,0.0,,8.5,,3.0,1
19,0,2,424,niyang binuksan,0.0,0.5,1.0,0.5,0.0,,7.0,,2.0,0
19,0,2,425,binuksan ang,0.0,0.5,1.0,0.5,0.0,,5.5,,1.5,0
19,0,2,426,ang pinto,0.5,0.0,1.0,0.5,0.0,,4.0,,1.5,0
19,0,2,427,pinto Meya,1.0,0.0,1.0,1.0,0.0,,4.5,,1.5,0
19,0,2,428,Meya Meya,1.0,0.0,0.5,1.0,0.0,,4.0,,1.0,0
19,0,2,429,Meya nasaan,0.5,0.0,1.0,1.0,0.0,,5.0,,1.0,0
19,0,2,430,nasaan ka,0.0,0.0,1.0,0.5,0.0,,4.0,,1.0,0
19,0,2,431,ka Mahuhuli,0.5,0.0,1.0,0.5,0.0,,5.0,,2.5,1
19,0,2,432,Mahuhuli na,0.5,0.0,1.0,0.5,0.0,,5.0,,2.5,1
19,0,2,433,na kita,0.5,0.0,1.0,0.5,0.0,,3.0,,1.5,0
19,0,2,434,kita malumanay,0.5,0.0,1.0,1.0,0.0,,6.5,,3.0,1
19,0,2,435,malumanay na,0.0,0.0,1.0,0.5,0.0,,5.5,,2.5,1
19,0,2,436,na sambit,0.5,0.0,1.0,0.5,0.0,,4.0,,1.0,0
19,0,2,437,sambit ni,0.5,0.0,1.0,0.5,0.0,,4.0,,1.0,0
19,0,2,438,ni Maya,0.5,0.0,1.0,0.5,0.0,,3.0,,1.0,0
19,0,2,439,Maya subalit,0.5,0.0,1.0,0.5,0.0,,5.5,,1.5,0
19,0,2,440,subalit wala,0.0,0.5,1.0,0.5,0.0,,5.5,,2.0,0
19,0,2,441,wala paring,0.5,0.5,1.0,1.0,0.0,,5.0,,2.5,0
19,0,2,442,paring Meya,1.0,0.0,1.0,1.0,0.0,,5.0,,2.0,0
19,0,2,443,Meya Manika,1.0,0.0,1.0,1.0,0.0,,5.0,,2.0,0
19,0,2,444,Manika Naku,1.0,0.0,1.0,1.0,0.0,,5.0,,2.5,0
19,0,2,445,Naku saan,0.5,0.0,1.0,0.5,0.0,,4.0,,1.0,0
19,0,2,446,saan kaya,0.0,0.0,1.0,0.0,0.0,,4.0,,0.5,0
19,0,2,447,kaya siya,0.0,0.0,1.0,0.0,0.0,,4.0,,0.5,0
19,0,2,448,siya nagtago,0.0,0.5,1.0,0.5,0.0,,5.5,,1.5,0
19,0,2,449,nagtago lumabas,0.0,1.0,1.0,1.0,0.0,,7.0,,3.0,0
19,0,2,450,lumabas ito,0.0,0.5,1.0,0.5,0.0,,5.0,,2.0,0
19,0,2,451,ito ng,0.0,0.0,1.0,0.0,0.0,,2.5,,1.0,0
19,0,2,452,ng bahay,0.5,0.0,1.0,0.5,0.0,,3.5,,1.5,0
19,0,2,453,bahay tiningnan,0.5,0.5,1.0,1.0,0.0,,7.0,,3.0,1
19,0,2,454,tiningnan sa,0.0,0.5,1.0,0.5,0.0,,5.5,,2.0,1
19,0,2,455,sa likod,0.5,0.0,1.0,0.5,0.0,,3.5,,1.0,0
19,0,2,456,likod ng,0.5,0.0,1.0,0.5,0.0,,3.5,,1.5,0
19,0,2,457,ng kanilang,0.0,0.0,1.0,0.0,0.0,,5.0,,2.5,1
19,0,2,458,kanilang bahay,0.5,0.0,1.0,0.5,0.0,,6.5,,3.0,1
19,0,2,459,bahay sa,0.5,0.0,1.0,0.5,0.0,,3.5,,1.0,0
19,0,2,460,sa ilalim,0.0,0.0,1.0,0.5,0.0,,4.0,,1.0,0
19,0,2,461,ilalim ng,0.0,0.0,1.0,0.5,0.0,,4.0,,1.5,0
19,0,2,462,ng mga,0.0,0.0,1.0,0.0,0.0,,2.5,,1.0,0
19,0,2,463,mga tanim,0.5,0.0,1.0,0.5,0.0,,4.0,,1.5,0
19,0,2,464,tanim gayon,0.5,0.0,1.0,0.5,0.0,,5.0,,1.5,0
19,0,2,465,gayon paman,0.0,0.0,1.0,0.5,0.0,,5.0,,1.5,0
19,0,2,466,paman wala,0.0,0.5,1.0,1.0,0.0,,4.5,,2.0,0
19,0,2,467,wala paring,0.5,0.5,1.0,1.0,0.0,,5.0,,2.5,0
19,0,2,468,paring Meya,1.0,0.0,1.0,1.0,0.0,,5.0,,2.0,0
19,0,2,469,Meya Manika,1.0,0.0,1.0,1.0,0.0,,5.0,,2.0,0
19,0,2,470,Manika nagsimula,0.5,0.5,1.0,1.0,0.0,,7.5,,3.0,0
19,0,2,471,nagsimula na,0.0,0.5,1.0,0.5,0.0,,5.5,,2.0,0
19,0,2,472,na siyang,0.0,0.0,1.0,0.0,0.0,,4.0,,1.0,0
19,0,2,473,siyang mag-alala,0.0,0.5,1.0,0.5,0.0,,7.5,,2.0,0
19,0,2,474,mag-alala Nasaan,0.5,0.5,1.0,1.0,0.0,,7.5,,2.0,0
19,0,2,475,Nasaan kana,0.5,0.0,1.0,1.0,0.0,,5.0,,1.5,0
19,0,2,476,kana Meya,0.5,0.0,1.0,1.0,0.0,,4.0,,1.5,0
19,0,2,477,Meya lumabas,0.5,0.5,1.0,1.0,0.0,,5.5,,2.0,0
19,0,2,478,lumabas kana,0.0,0.5,1.0,1.0,0.0,,5.5,,2.5,0
19,0,2,479,kana Paiyak,0.5,0.0,1.0,1.0,0.0,,5.0,,1.5,0
19,0,2,480,Paiyak na,0.5,0.0,1.0,0.5,0.0,,4.0,,1.0,0
19,0,2,481,na sambit,0.5,0.0,1.0,0.5,0.0,,4.0,,1.0,0
19,0,2,482,sambit ni,0.5,0.0,1.0,0.5,0.0,,4.0,,1.0,0
19,0,2,483,ni Maya,0.5,0.0,1.0,0.5,0.0,,3.0,,1.0,0
19,0,2,484,Maya Inay,1.0,0.0,1.0,1.0,0.0,,4.0,,1.0,0
19,0,2,485,Inay Itay,1.0,0.0,1.0,1.0,0.0,,4.0,,1.0,0
19,0,2,486,Itay nawawala,0.5,0.5,1.0,1.0,0.0,,6.0,,2.5,1
19,0,2,487,nawawala po,0.0,0.5,1.0,1.0,0.0,,5.0,,2.5,1
19,0,2,488,po si,0.0,0.0,1.0,0.5,0.0,,2.0,,0.5,0
19,0,2,489,si Meya,0.5,0.0,1.0,0.5,0.0,,3.0,,0.5,0
19,0,2,490,Meya paanong,1.0,0.0,1.0,1.0,0.0,,5.5,,2.0,0
19,0,2,491,paanong nawala,0.5,0.5,1.0,1.0,0.0,,6.5,,3.0,0
19,0,2,492,nawala tanong,0.5,0.5,1.0,1.0,0.0,,6.0,,3.0,0
19,0,2,493,tanong ni,0.5,0.0,1.0,0.5,0.0,,4.0,,2.0,0
19,0,2,494,ni Mang,0.5,0.0,1.0,0.5,0.0,,3.0,,1.5,0
19,0,2,495,Mang Mando,1.0,0.0,1.0,1.0,0.0,,4.5,,2.0,0
19,0,2,496,Mando naglalaro,0.5,0.5,1.0,1.0,0.0,,7.0,,3.0,1
19,0,2,497,naglalaro lang,0.0,0.5,1.0,1.0,0.0,,6.5,,3.0,1
19,0,2,498,lang po,0.0,0.0,1.0,1.0,0.0,,3.0,,1.5,0
19,0,2,499,po kami,0.0,0.0,1.0,0.5,0.0,,3.0,,1.5,0
19,0,2,500,kami ng,0.0,0.0,1.0,0.0,0.0,,3.0,,1.5,0
19,0,2,501,ng tagu-taguan,0.5,0.0,1.0,0.5,0.0,,6.5,,2.5,1
19,0,2,502,tagu-taguan kanina,0.5,0.0,1.0,1.0,0.0,,8.5,,3.5,1
19,0,2,503,kanina ko,0.0,0.0,1.0,0.5,0.0,,4.0,,2.0,0
19,0,2,504,ko pa,0.0,0.0,1.0,0.5,0.0,,2.0,,1.0,0
19,0,2,505,pa po,0.0,0.0,1.0,1.0,0.0,,2.0,,1.0,0
19,0,2,506,po siya,0.0,0.0,1.0,0.5,0.0,,3.0,,0.5,0
19,0,2,507,siya hinahanap,0.0,0.5,1.0,0.5,0.0,,6.5,,2.0,1
19,0,2,508,hinahanap pero,0.0,0.5,1.0,0.5,0.0,,6.5,,3.0,1
19,0,2,509,pero hindi,0.0,0.0,1.0,0.5,0.0,,4.5,,2.0,0
19,0,2,510,hindi ko,0.0,0.0,1.0,0.5,0.0,,3.5,,1.5,0
19,0,2,511,ko siya,0.0,0.0,1.0,0.0,0.0,,3.0,,0.5,0
19,0,2,512,siya mahanap,0.0,0.5,1.0,0.5,0.0,,5.5,,1.5,0
19,0,2,513,mahanap malungkot,0.0,0.5,1.0,1.0,0.0,,8.0,,3.5,1
19,0,2,514,malungkot na,0.0,0.0,1.0,0.5,0.0,,5.5,,2.5,1
19,0,2,515,na sagot,0.5,0.0,1.0,0.5,0.0,,3.5,,1.0,0
19,0,2,516,sagot ni,0.5,0.0,1.0,0.5,0.0,,3.5,,1.0,0
19,0,2,517,ni Maya,0.5,0.0,1.0,0.5,0.0,,3.0,,1.0,0
19,0,2,518,Maya Huhuhuhu,1.0,0.0,1.0,1.0,0.0,,6.0,,2.5,1
19,0,2,519,Huhuhuhu tulungan,0.5,0.5,1.0,1.0,0.0,,8.0,,3.5,1
19,0,2,520,tulungan po,0.0,0.5,1.0,1.0,0.0,,5.0,,2.0,0
19,0,2,521,po ninyo,0.0,0.0,1.0,0.5,0.0,,3.5,,1.0,0
19,0,2,522,ninyo ako,0.0,0.0,1.0,0.0,0.0,,4.0,,1.0,0
19,0,2,523,ako hanapin,0.0,0.5,1.0,0.5,0.0,,5.0,,2.0,0
19,0,2,524,hanapin natin,0.0,0.5,1.0,0.5,0.0,,6.0,,2.5,0
19,0,2,525,natin si,0.0,0.0,1.0,0.0,0.0,,3.5,,1.0,0
19,0,2,526,si Meya,0.5,0.0,1.0,0.5,0.0,,3.0,,0.5,0
19,0,2,527,Meya Iyak,1.0,0.0,1.0,1.0,0.0,,4.0,,0.5,0
19,0,2,528,Iyak nang,0.5,0.0,1.0,1.0,0.0,,4.0,,1.0,0
19,0,2,529,nang iyak,0.5,0.0,1.0,1.0,0.0,,4.0,,1.0,0
19,0,2,530,iyak si,0.5,0.0,1.0,0.5,0.0,,3.0,,0.0,0
19,0,2,531,si Maya,0.5,0.0,1.0,0.5,0.0,,3.0,,0.5,0
19,0,2,532,Maya lumapit,0.5,0.5,1.0,1.0,0.0,,5.5,,2.0,0
19,0,2,533,lumapit na,0.0,0.5,1.0,0.5,0.0,,4.5,,2.0,0
19,0,2,534,na rin,0.0,0.0,1.0,0.5,0.0,,2.5,,1.0,0
19,0,2,535,rin ang,0.0,0.0,1.0,0.5,0.0,,3.0,,1.0,0
19,0,2,536,ang kanyang,0.0,0.0,1.0,0.0,0.0,,5.0,,1.5,0
19,0,2,537,kanyang Kuya,0.5,0.0,1.0,0.5,0.0,,5.5,,1.5,0
19,0,2,538,Kuya Miguel,1.0,0.0,1.0,1.0,0.0,,5.0,,1.5,0
19,0,2,539,Miguel at,0.5,0.0,1.0,0.5,0.0,,4.0,,1.0,0
19,0,2,540,at bunsong,0.0,0.0,1.0,0.5,0.0,,4.5,,1.0,0
19,0,2,541,bunsong kapatid,0.5,0.0,1.0,1.0,0.0,,7.0,,2.5,0
19,0,2,542,kapatid na,0.5,0.0,1.0,0.5,0.0,,4.5,,2.0,0
19,0,2,543,na si,0.0,0.0,1.0,0.0,0.0,,2.0,,0.5,0
19,0,2,544,si Marco,0.5,0.0,1.0,0.5,0.0,,3.5,,1.0,0
19,0,2,545,Marco huwag,0.5,0.0,1.0,1.0,0.0,,5.0,,2.0,0
19,0,2,546,huwag ka,0.0,0.0,1.0,0.5,0.0,,3.5,,1.5,0
19,0,2,547,ka nang,0.0,0.0,1.0,0.5,0.0,,3.0,,1.5,0
19,0,2,548,nang umiyak,0.0,0.5,1.0,1.0,0.0,,5.0,,1.5,0
19,0,2,549,umiyak Maya,0.5,0.5,1.0,1.0,0.0,,5.0,,1.0,0
19,0,2,550,Maya tutulungan,0.5,0.5,1.0,1.0,0.0,,7.0,,2.5,1
19,0,2,551,tutulungan ka,0.0,0.5,1.0,0.5,0.0,,6.0,,2.5,1
19,0,2,552,ka naming,0.0,0.0,1.0,0.0,0.0,,4.0,,2.0,0
19,0,2,553,naming nagmungkahi,0.0,0.5,1.0,0.5,0.0,,8.5,,4.0,1
19,0,2,554,nagmungkahi ang,0.0,0.5,1.0,0.5,0.0,,7.0,,3.0,1
19,0,2,555,ang kanyang,0.0,0.0,1.0,0.0,0.0,,5.0,,1.5,0
19,0,2,556,kanyang Inay,0.5,0.0,1.0,0.5,0.0,,5.5,,1.5,0
19,0,2,557,Inay na,0.5,0.0,1.0,0.5,0.0,,3.0,,1.0,0
19,0,2,558,na si,0.0,0.0,1.0,0.0,0.0,,2.0,,0.5,0
19,0,2,559,si aling,0.0,0.0,1.0,0.0,0.0,,3.5,,1.0,0
19,0,2,560,aling Memay,0.5,0.0,1.0,0.5,0.0,,5.0,,2.0,0
19,0,2,561,Memay na,0.5,0.0,1.0,0.5,0.0,,3.5,,1.5,0
19,0,2,562,na mag,0.0,0.5,1.0,0.5,0.0,,2.5,,1.0,0
19,0,2,563,mag imprinta,0.5,0.5,1.0,1.0,0.0,,5.5,,1.5,0
19,0,2,564,imprinta sila,0.5,0.0,1.0,0.5,0.0,,6.0,,1.5,0
19,0,2,565,sila ng,0.0,0.0,1.0,0.0,0.0,,3.0,,1.0,0
19,0,2,566,ng larawan,0.5,0.0,1.0,0.5,0.0,,4.5,,2.0,0
19,0,2,567,larawan ni,0.5,0.0,1.0,0.5,0.0,,4.5,,2.0,0
19,0,2,568,ni Meya,0.5,0.0,1.0,0.5,0.0,,3.0,,1.0,0
19,0,2,569,Meya Manika,1.0,0.0,1.0,1.0,0.0,,5.0,,2.0,0
19,0,2,570,Manika ipaskil,0.5,0.5,1.0,1.0,0.0,,6.5,,2.5,0
19,0,2,571,ipaskil sa,0.0,0.5,1.0,0.5,0.0,,4.5,,1.0,0
19,0,2,572,sa labas,0.0,0.0,1.0,0.5,0.0,,3.5,,1.0,0
19,0,2,573,labas ng,0.0,0.0,1.0,0.5,0.0,,3.5,,1.5,0
19,0,2,574,ng kanilang,0.0,0.0,1.0,0.0,0.0,,5.0,,2.5,1
19,0,2,575,kanilang bahay,0.5,0.0,1.0,0.5,0.0,,6.5,,3.0,1
19,0,2,576,bahay at,0.5,0.0,1.0,0.5,0.0,,3.5,,1.0,0
19,0,2,577,at sa,0.0,0.0,1.0,0.0,0.0,,2.0,,0.0,0
19,0,2,578,sa kanilang,0.0,0.0,1.0,0.0,0.0,,5.0,,2.0,1
19,0,2,579,kanilang plasa,0.5,0.0,1.0,0.5,0.0,,6.5,,2.5,1
19,0,2,580,plasa Heto,1.0,0.0,1.0,1.0,0.0,,4.5,,1.5,0
19,0,2,581,Heto na,0.5,0.0,1.0,0.5,0.0,,3.0,,1.5,0
19,0,2,582,na ang,0.0,0.0,1.0,0.0,0.0,,2.5,,1.0,0
19,0,2,583,ang larawan,0.5,0.0,1.0,0.5,0.0,,5.0,,2.0,0
19,0,2,584,larawan ni,0.5,0.0,1.0,0.5,0.0,,4.5,,2.0,0
19,0,2,585,ni Meya,0.5,0.0,1.0,0.5,0.0,,3.0,,1.0,0
19,0,2,586,Meya idikit,0.5,0.5,1.0,1.0,0.0,,5.0,,1.5,0
19,0,2,587,idikit natin,0.0,0.5,1.0,0.5,0.0,,5.5,,2.0,0
19,0,2,588,natin sa,0.0,0.0,1.0,0.0,0.0,,3.5,,1.0,0
19,0,2,589,sa labas,0.0,0.0,1.0,0.5,0.0,,3.5,,1.0,0
19,0,2,590,labas ang,0.0,0.0,1.0,0.5,0.0,,4.0,,1.5,0
19,0,2,591,ang wika,0.5,0.0,1.0,0.5,0.0,,3.5,,1.5,0
19,0,2,592,wika ni,0.5,0.0,1.0,0.5,0.0,,3.0,,1.5,0
19,0,2,593,ni aling,0.0,0.0,1.0,0.0,0.0,,3.5,,1.5,0
19,0,2,594,aling Memay,0.5,0.0,1.0,0.5,0.0,,5.0,,2.0,0
19,0,2,595,Memay subalit,0.5,0.0,1.0,0.5,0.0,,6.0,,2.0,0
19,0,2,596,subalit hindi,0.0,0.0,1.0,0.5,0.0,,6.0,,2.0,0
19,0,2,597,hindi pa,0.0,0.0,1.0,1.0,0.0,,3.5,,1.5,0
19,0,2,598,pa rin,0.0,0.0,1.0,1.0,0.0,,2.5,,1.0,0
19,0,2,599,rin nila,0.0,0.0,1.0,0.5,0.0,,3.5,,1.5,0
19,0,2,600,nila nahanap,0.0,0.5,1.0,0.5,0.0,,5.5,,2.5,0
19,0,2,601,nahanap si,0.0,0.5,1.0,0.5,0.0,,4.5,,1.5,0
19,0,2,602,si Memay,0.5,0.0,1.0,0.5,0.0,,3.5,,1.0,0
19,0,2,603,Memay Iyak,1.0,0.0,1.0,1.0,0.0,,4.5,,1.0,0
19,0,2,604,Iyak nang,0.5,0.0,1.0,1.0,0.0,,4.0,,1.0,0
19,0,2,605,nang iyak,0.5,0.0,1.0,1.0,0.0,,4.0,,1.0,0
19,0,2,606,iyak parin,1.0,0.0,1.0,1.0,0.0,,4.5,,1.0,0
19,0,2,607,parin si,0.5,0.0,1.0,0.5,0.0,,3.5,,1.0,0
19,0,2,608,si Maya,0.5,0.0,1.0,0.5,0.0,,3.0,,0.5,0
19,0,2,609,Maya Maya,1.0,0.0,0.5,1.0,0.0,,4.0,,1.0,0
19,0,2,610,Maya Maya,1.0,0.0,0.5,1.0,0.0,,4.0,,1.0,0
19,0,2,611,Maya gumising,0.5,0.5,1.0,1.0,0.0,,6.0,,2.0,0
19,0,2,612,gumising ka,0.0,0.5,1.0,0.5,0.0,,5.0,,2.0,0
19,0,2,613,ka nananaginip,0.0,0.5,1.0,0.5,0.0,,6.5,,3.0,1
19,0,2,614,nananaginip ka,0.0,0.5,1.0,0.5,0.0,,6.5,,3.0,1
19,0,2,615,ka bakit,0.0,0.0,1.0,0.0,0.0,,3.5,,1.5,0
19,0,2,616,bakit kaba,0.5,0.0,1.0,0.5,0.0,,4.5,,2.0,0
19,0,2,617,kaba umiiyak,0.5,0.5,1.0,1.0,0.0,,5.5,,1.5,0
19,0,2,618,umiiyak Inay,0.5,0.5,1.0,1.0,0.0,,5.5,,1.0,0
19,0,2,619,Inay nawawala,0.5,0.5,1.0,1.0,0.0,,6.0,,2.5,1
19,0,2,620,nawawala po,0.0,0.5,1.0,1.0,0.0,,5.0,,2.5,1
19,0,2,621,po si,0.0,0.0,1.0,0.5,0.0,,2.0,,0.5,0
19,0,2,622,si Meya,0.5,0.0,1.0,0.5,0.0,,3.0,,0.5,0
19,0,2,623,Meya ang,0.5,0.0,1.0,0.5,0.0,,3.5,,1.0,0
19,0,2,624,ang malungkot,0.0,0.0,1.0,0.5,0.0,,6.0,,2.5,1
19,0,2,625,malungkot na,0.0,0.0,1.0,0.5,0.0,,5.5,,2.5,1
19,0,2,626,na sagot,0.5,0.0,1.0,0.5,0.0,,3.5,,1.0,0
19,0,2,627,sagot ni,0.5,0.0,1.0,0.5,0.0,,3.5,,1.0,0
19,0,2,628,ni Maya,0.5,0.0,1.0,0.5,0.0,,3.0,,1.0,0
19,0,2,629,Maya saan,0.5,0.0,1.0,0.5,0.0,,4.0,,0.5,0
19,0,2,630,saan mo,0.0,0.0,1.0,0.0,0.0,,3.0,,0.5,0
19,0,2,631,mo ba,0.0,0.0,1.0,0.5,0.0,,2.0,,1.0,0
19,0,2,632,ba iniwan,0.0,0.5,1.0,1.0,0.0,,4.0,,1.5,0
19,0,2,633,iniwan ang,0.0,0.5,1.0,0.5,0.0,,4.5,,1.5,0
19,0,2,634,ang iyong,0.0,0.0,1.0,0.0,0.0,,4.0,,1.0,0
19,0,2,635,iyong manika,0.5,0.0,1.0,0.5,0.0,,5.5,,2.0,0
19,0,2,636,manika tanong,1.0,0.0,1.0,1.0,0.0,,6.0,,3.0,0
19,0,2,637,tanong naman,0.5,0.0,1.0,1.0,0.0,,5.5,,2.5,0
19,0,2,638,naman ni,0.0,0.0,1.0,0.5,0.0,,3.5,,1.5,0
19,0,2,639,ni aling,0.0,0.0,1.0,0.0,0.0,,3.5,,1.5,0
19,0,2,640,aling Nena,0.5,0.0,1.0,0.5,0.0,,4.5,,2.0,0
19,0,2,641,Nena hindi,0.5,0.0,1.0,1.0,0.0,,4.5,,2.0,0
19,0,2,642,hindi ko,0.0,0.0,1.0,0.5,0.0,,3.5,,1.5,0
19,0,2,643,ko po,0.0,0.0,1.0,0.5,0.0,,2.0,,1.0,0
19,0,2,644,po alam,0.0,0.5,1.0,1.0,0.0,,3.0,,1.0,0
19,0,2,645,alam Inay,0.5,0.5,1.0,1.0,0.0,,4.0,,1.0,0
19,0,2,646,Inay dali-daling,0.5,0.0,1.0,1.0,0.0,,7.5,,3.0,1
19,0,2,647,dali-daling bumangon,0.0,0.5,1.0,1.0,0.0,,9.5,,4.0,1
19,0,2,648,bumangon si,0.0,0.5,1.0,0.5,0.0,,5.0,,1.5,0
19,0,2,649,si Maya,0.5,0.0,1.0,0.5,0.0,,3.0,,0.5,0
19,0,2,650,Maya lumabas,0.5,0.5,1.0,1.0,0.0,,5.5,,2.0,0
19,0,2,651,lumabas ng,0.0,0.5,1.0,0.5,0.0,,4.5,,2.0,0
19,0,2,652,ng kanyang,0.0,0.0,1.0,0.0,0.0,,4.5,,1.5,0
19,0,2,653,kanyang silid,0.5,0.0,1.0,0.5,0.0,,6.0,,1.5,0
19,0,2,654,silid at,0.5,0.0,1.0,0.5,0.0,,3.5,,0.5,0
19,0,2,655,at hinanap,0.0,0.5,1.0,0.5,0.0,,4.5,,1.5,0
19,0,2,656,hinanap si,0.0,0.5,1.0,0.5,0.0,,4.5,,1.5,0
19,0,2,657,si Maya,0.5,0.0,1.0,0.5,0.0,,3.0,,0.5,0
19,0,2,658,Maya pumunta,0.5,0.5,1.0,1.0,0.0,,5.5,,2.0,0
19,0,2,659,pumunta siya,0.0,0.5,1.0,0.5,0.0,,5.5,,1.5,0
19,0,2,660,siya sa,0.0,0.0,1.0,0.0,0.0,,3.0,,0.0,0
19,0,2,661,sa sala,0.5,0.0,1.0,0.5,0.0,,3.0,,0.5,0
19,0,2,662,sala sa,0.5,0.0,1.0,0.5,0.0,,3.0,,0.5,0
19,0,2,663,sa kusina,0.5,0.0,1.0,0.5,0.0,,4.0,,1.0,0
19,0,2,664,kusina sa,0.5,0.0,1.0,0.5,0.0,,4.0,,1.0,0
19,0,2,665,sa banyo,0.5,0.0,1.0,0.5,0.0,,3.5,,0.5,0
19,0,2,666,banyo at,0.5,0.0,1.0,0.5,0.0,,3.5,,0.5,0
19,0,2,667,at sa,0.0,0.0,1.0,0.0,0.0,,2.0,,0.0,0
19,0,2,668,sa bahaging,0.5,0.0,1.0,0.5,0.0,,5.0,,2.0,1
19,0,2,669,bahaging likuran,0.5,0.0,1.0,1.0,0.0,,7.5,,3.5,1
19,0,2,670,likuran ng,0.0,0.0,1.0,0.5,0.0,,4.5,,2.0,0
19,0,2,671,ng kanilang,0.0,0.0,1.0,0.0,0.0,,5.0,,2.5,1
19,0,2,672,kanilang bahay,0.5,0.0,1.0,0.5,0.0,,6.5,,3.0,1
19,0,2,673,bahay subalit,0.5,0.0,1.0,0.5,0.0,,6.0,,2.0,0
19,0,2,674,subalit wala,0.0,0.5,1.0,0.5,0.0,,5.5,,2.0,0
19,0,2,675,wala talaga,0.0,0.5,1.0,1.0,0.0,,5.0,,2.5,0
19,0,2,676,talaga si,0.0,0.0,1.0,0.5,0.0,,4.0,,1.5,0
19,0,2,677,si Meya,0.5,0.0,1.0,0.5,0.0,,3.0,,0.5,0
19,0,2,678,Meya Manika,1.0,0.0,1.0,1.0,0.0,,5.0,,2.0,0
19,0,2,679,Manika Isipin,1.0,0.0,1.0,1.0,0.0,,6.0,,2.0,0
19,0,2,680,Isipin mo,0.5,0.0,1.0,0.5,0.0,,4.0,,1.0,0
19,0,2,681,mo nang,0.0,0.0,1.0,0.5,0.0,,3.0,,1.5,0
19,0,2,682,nang mabuti,0.0,0.0,1.0,1.0,0.0,,5.0,,2.5,0
19,0,2,683,mabuti Maya,0.5,0.0,1.0,1.0,0.0,,5.0,,2.0,0
19,0,2,684,Maya saan,0.5,0.0,1.0,0.5,0.0,,4.0,,0.5,0
19,0,2,685,saan ka,0.0,0.0,1.0,0.0,0.0,,3.0,,0.5,0
19,0,2,686,ka huling,0.0,0.0,1.0,0.5,0.0,,4.0,,2.0,0
19,0,2,687,huling naglaro,0.0,0.5,1.0,1.0,0.0,,6.5,,3.0,0
19,0,2,688,naglaro ng,0.0,0.5,1.0,0.5,0.0,,4.5,,2.0,0
19,0,2,689,ng iyong,0.0,0.0,1.0,0.0,0.0,,3.5,,1.0,0
19,0,2,690,iyong manika,0.5,0.0,1.0,0.5,0.0,,5.5,,2.0,0
19,0,2,691,manika Tanong,1.0,0.0,1.0,1.0,0.0,,6.0,,3.0,0
19,0,2,692,Tanong muli,0.5,0.0,1.0,1.0,0.0,,5.0,,2.5,0
19,0,2,693,muli ni,0.0,0.0,1.0,0.5,0.0,,3.0,,1.5,0
19,0,2,694,ni aling,0.0,0.0,1.0,0.0,0.0,,3.5,,1.5,0
19,0,2,695,aling Memay,0.5,0.0,1.0,0.5,0.0,,5.0,,2.0,0
19,0,2,696,Memay Kahapon,1.0,0.0,1.0,1.0,0.0,,6.0,,2.5,0
19,0,2,697,Kahapon po,0.5,0.0,1.0,1.0,0.0,,4.5,,2.0,0
19,0,2,698,po dito,0.0,0.0,1.0,0.5,0.0,,3.0,,1.5,0
19,0,2,699,dito sa,0.0,0.0,1.0,0.0,0.0,,3.0,,1.0,0
19,0,2,700,sa loob,0.5,0.0,1.0,0.5,0.0,,3.0,,0.5,0
19,0,2,701,loob ng,0.5,0.0,1.0,0.5,0.0,,3.0,,1.0,0
19,0,2,702,ng bahay,0.5,0.0,1.0,0.5,0.0,,3.5,,1.5,0
19,0,2,703,bahay Miguel,1.0,0.0,1.0,1.0,0.0,,5.5,,2.0,0
19,0,2,704,Miguel Marco,1.0,0.0,1.0,1.0,0.0,,5.5,,2.0,0
19,0,2,705,Marco hali,0.5,0.0,1.0,0.5,0.0,,4.5,,2.0,0
19,0,2,706,hali nga,0.0,0.0,1.0,0.5,0.0,,3.5,,1.5,0
19,0,2,707,nga kayo,0.0,0.0,1.0,0.5,0.0,,3.5,,1.0,0
19,0,2,708,kayo tawag,0.5,0.0,1.0,0.5,0.0,,4.5,,1.5,0
19,0,2,709,tawag ni,0.5,0.0,1.0,0.5,0.0,,3.5,,1.5,0
19,0,2,710,ni aling,0.0,0.0,1.0,0.0,0.0,,3.5,,1.5,0
19,0,2,711,aling Memay,0.5,0.0,1.0,0.5,0.0,,5.0,,2.0,0
19,0,2,712,Memay sa,0.5,0.0,1.0,0.5,0.0,,3.5,,1.0,0
19,0,2,713,sa dalawang,0.0,0.0,1.0,0.5,0.0,,5.0,,2.0,1
19,0,2,714,dalawang magkakapatid,0.5,0.0,1.0,1.0,0.0,,10.0,,4.5,2
19,0,2,715,magkakapatid lumapit,0.5,0.5,1.0,1.0,0.0,,9.5,,4.0,1
19,0,2,716,lumapit kaagad,0.0,0.5,1.0,1.0,0.0,,6.5,,2.5,0
19,0,2,717,kaagad sila,0.0,0.0,1.0,0.5,0.0,,5.0,,1.5,0
19,0,2,718,sila at,0.0,0.0,1.0,0.0,0.0,,3.0,,0.5,0
19,0,2,719,at nagtanong,0.0,0.5,1.0,0.5,0.0,,5.5,,2.0,1
19,0,2,720,nagtanong bakit,0.0,0.5,1.0,0.5,0.0,,7.0,,3.0,1
19,0,2,721,bakit po,0.0,0.0,1.0,0.5,0.0,,3.5,,1.5,0
19,0,2,722,po Inay,0.5,0.0,1.0,1.0,0.0,,3.0,,1.0,0
19,0,2,723,Inay nakita,0.5,0.5,1.0,1.0,0.0,,5.0,,2.0,0
19,0,2,724,nakita niyo,0.0,0.5,1.0,0.5,0.0,,5.0,,2.0,0
19,0,2,725,niyo ba,0.0,0.0,1.0,0.5,0.0,,3.0,,1.0,0
19,0,2,726,ba ang,0.0,0.0,1.0,0.5,0.0,,2.5,,1.0,0
19,0,2,727,ang manika,0.5,0.0,1.0,0.5,0.0,,4.5,,2.0,0
19,0,2,728,manika ni,0.5,0.0,1.0,0.5,0.0,,4.0,,2.0,0
19,0,2,729,ni Maya,0.5,0.0,1.0,0.5,0.0,,3.0,,1.0,0
19,0,2,730,Maya hindi,0.5,0.0,1.0,1.0,0.0,,4.5,,1.5,0
19,0,2,731,hindi po,0.0,0.0,1.0,1.0,0.0,,3.5,,1.5,0
19,0,2,732,po magalang,0.0,0.0,1.0,1.0,0.0,,5.0,,2.5,1
19,0,2,733,magalang na,0.0,0.0,1.0,0.5,0.0,,5.0,,2.5,1
19,0,2,734,na sagot,0.5,0.0,1.0,0.5,0.0,,3.5,,1.0,0
19,0,2,735,sagot ni,0.5,0.0,1.0,0.5,0.0,,3.5,,1.0,0
19,0,2,736,ni Kuya,0.5,0.0,1.0,0.5,0.0,,3.0,,1.0,0
19,0,2,737,Kuya Miguel,1.0,0.0,1.0,1.0,0.0,,5.0,,1.5,0
19,0,2,738,Miguel Ikaw,1.0,0.0,1.0,1.0,0.0,,5.0,,1.5,0
19,0,2,739,Ikaw Marco,1.0,0.0,1.0,1.0,0.0,,4.5,,1.5,0
19,0,2,740,Marco tanong,1.0,0.0,1.0,1.0,0.0,,5.5,,2.5,0
19,0,2,741,tanong naman,0.5,0.0,1.0,1.0,0.0,,5.5,,2.5,0
19,0,2,742,naman ni,0.0,0.0,1.0,0.5,0.0,,3.5,,1.5,0
19,0,2,743,ni aling,0.0,0.0,1.0,0.0,0.0,,3.5,,1.5,0
19,0,2,744,aling Memay,0.5,0.0,1.0,0.5,0.0,,5.0,,2.0,0
19,0,2,745,Memay kay,0.5,0.0,1.0,0.5,0.0,,4.0,,1.5,0
19,0,2,746,kay Marco,0.5,0.0,1.0,0.5,0.0,,4.0,,1.5,0
19,0,2,747,Marco hindi,0.5,0.0,1.0,1.0,0.0,,5.0,,2.0,0
19,0,2,748,hindi rin,0.0,0.0,1.0,1.0,0.0,,4.0,,1.5,0
19,0,2,749,rin po,0.0,0.0,1.0,1.0,0.0,,2.5,,1.0,0
19,0,2,750,po Inay,0.5,0.0,1.0,1.0,0.0,,3.0,,1.0,0
19,0,2,751,Inay Isipin,1.0,0.0,1.0,1.0,0.0,,5.0,,1.0,0
19,0,2,752,Isipin mo,0.5,0.0,1.0,0.5,0.0,,4.0,,1.0,0
19,0,2,753,mo nang,0.0,0.0,1.0,0.5,0.0,,3.0,,1.5,0
19,0,2,754,nang mabuti,0.0,0.0,1.0,1.0,0.0,,5.0,,2.5,0
19,0,2,755,mabuti Maya,0.5,0.0,1.0,1.0,0.0,,5.0,,2.0,0
19,0,2,756,Maya saan,0.5,0.0,1.0,0.5,0.0,,4.0,,0.5,0
19,0,2,757,saan mo,0.0,0.0,1.0,0.0,0.0,,3.0,,0.5,0
19,0,2,758,mo inilagay,0.0,0.5,1.0,0.5,0.0,,5.0,,2.0,0
19,0,2,759,inilagay ang,0.0,0.5,1.0,0.5,0.0,,5.5,,2.0,0
19,0,2,760,ang iyong,0.0,0.0,1.0,0.0,0.0,,4.0,,1.0,0
19,0,2,761,iyong manika,0.5,0.0,1.0,0.5,0.0,,5.5,,2.0,0
19,0,2,762,manika Kahapon,1.0,0.0,1.0,1.0,0.0,,6.5,,3.0,0
19,0,2,763,Kahapon po,0.5,0.0,1.0,1.0,0.0,,4.5,,2.0,0
19,0,2,764,po pinapatulog,0.0,0.5,1.0,1.0,0.0,,6.5,,3.0,1
19,0,2,765,pinapatulog ko,0.0,0.5,1.0,0.5,0.0,,6.5,,3.0,1
19,0,2,766,ko po,0.0,0.0,1.0,0.5,0.0,,2.0,,1.0,0
19,0,2,767,po siya,0.0,0.0,1.0,0.5,0.0,,3.0,,0.5,0
19,0,2,768,siya ah,0.5,0.0,1.0,0.5,0.0,,3.0,,0.0,0
19,0,2,769,ah naaalala,0.5,0.5,1.0,1.0,0.0,,5.0,,1.5,0
19,0,2,770,naaalala ko,0.0,0.5,1.0,0.5,0.0,,5.0,,2.0,0
19,0,2,771,ko na,0.0,0.0,1.0,0.0,0.0,,2.0,,1.0,0
19,0,2,772,na po,0.0,0.0,1.0,0.5,0.0,,2.0,,1.0,0
19,0,2,773,po pinasok,0.0,0.5,1.0,1.0,0.0,,4.5,,1.5,0
19,0,2,774,pinasok ko,0.0,0.5,1.0,0.5,0.0,,4.5,,1.5,0
19,0,2,775,ko siya,0.0,0.0,1.0,0.0,0.0,,3.0,,0.5,0
19,0,2,776,siya sa,0.0,0.0,1.0,0.0,0.0,,3.0,,0.0,0
19,0,2,777,sa isang,0.0,0.0,1.0,0.0,0.0,,3.5,,0.5,0
19,0,2,778,isang karton,0.5,0.0,1.0,0.5,0.0,,5.5,,1.5,0
19,0,2,779,karton na,0.5,0.0,1.0,0.5,0.0,,4.0,,1.5,0
19,0,2,780,na ginawa,0.0,0.5,1.0,0.5,0.0,,4.0,,2.0,0
19,0,2,781,ginawa kong,0.0,0.5,1.0,0.5,0.0,,5.0,,2.5,0
19,0,2,782,kong kama,0.5,0.0,1.0,0.5,0.0,,4.0,,2.0,0
19,0,2,783,kama niya,0.5,0.0,1.0,0.5,0.0,,4.0,,1.5,0
19,0,2,784,niya dito,0.0,0.0,1.0,0.0,0.0,,4.0,,1.5,0
19,0,2,785,dito ko,0.0,0.0,1.0,0.0,0.0,,3.0,,1.5,0
19,0,2,786,ko po,0.0,0.0,1.0,0.5,0.0,,2.0,,1.0,0
19,0,2,787,po sa,0.0,0.0,1.0,0.5,0.0,,2.0,,0.5,0
19,0,2,788,sa sahig,0.5,0.0,1.0,0.5,0.0,,3.5,,0.5,0
19,0,2,789,sahig nilapag,0.5,0.5,1.0,1.0,0.0,,6.0,,2.0,0
19,0,2,790,nilapag kahapon,0.0,0.5,1.0,1.0,0.0,,7.0,,3.0,0
19,0,2,791,kahapon Maligsing,0.5,0.0,1.0,1.0,0.0,,8.0,,3.0,0
19,0,2,792,Maligsing tugon,1.0,0.0,1.0,1.0,0.0,,7.0,,2.5,0
19,0,2,793,tugon ni,0.5,0.0,1.0,0.5,0.0,,3.5,,1.5,0
19,0,2,794,ni Maya,0.5,0.0,1.0,0.5,0.0,,3.0,,1.0,0
19,0,2,795,Maya sa,0.5,0.0,1.0,0.5,0.0,,3.0,,0.5,0
19,0,2,796,sa kanyang,0.0,0.0,1.0,0.0,0.0,,4.5,,1.0,0
19,0,2,797,kanyang Inay,0.5,0.0,1.0,0.5,0.0,,5.5,,1.5,0
19,0,2,798,Inay dali-daling,0.5,0.0,1.0,1.0,0.0,,7.5,,3.0,1
19,0,2,799,dali-daling tumalikod,0.0,0.5,1.0,1.0,0.0,,10.0,,4.5,2
19,0,2,800,tumalikod si,0.0,0.5,1.0,0.5,0.0,,5.5,,2.0,1
19,0,2,801,si aling,0.0,0.0,1.0,0.0,0.0,,3.5,,1.0,0
19,0,2,802,aling Memay,0.5,0.0,1.0,0.5,0.0,,5.0,,2.0,0
19,0,2,803,Memay at,0.5,0.0,1.0,0.5,0.0,,3.5,,1.0,0
19,0,2,804,at nagtungo,0.0,0.5,1.0,0.5,0.0,,5.0,,1.5,0
19,0,2,805,nagtungo sa,0.0,0.5,1.0,0.5,0.0,,5.0,,1.5,0
19,0,2,806,sa bodega,0.5,0.0,1.0,0.5,0.0,,4.0,,1.5,0
19,0,2,807,bodega ito,0.5,0.0,1.0,0.5,0.0,,4.5,,2.0,0
19,0,2,808,ito ba,0.0,0.0,1.0,0.5,0.0,,2.5,,1.0,0
19,0,2,809,ba na,0.0,0.0,1.0,0.5,0.0,,2.0,,1.0,0
19,0,2,810,na kahon,0.5,0.0,1.0,0.5,0.0,,3.5,,1.5,0
19,0,2,811,kahon Maya,1.0,0.0,1.0,1.0,0.0,,4.5,,1.5,0
19,0,2,812,Maya Tanong,1.0,0.0,1.0,1.0,0.0,,5.0,,2.0,0
19,0,2,813,Tanong ni,0.5,0.0,1.0,0.5,0.0,,4.0,,2.0,0
19,0,2,814,ni Maya,0.5,0.0,1.0,0.5,0.0,,3.0,,1.0,0
19,0,2,815,Maya Upo,1.0,0.0,1.0,1.0,0.0,,3.5,,1.0,0
19,0,2,816,Upo Inay,1.0,0.0,1.0,1.0,0.0,,3.5,,1.0,0
19,0,2,817,Inay yan,0.5,0.0,1.0,0.5,0.0,,3.5,,0.5,0
19,0,2,818,yan nga,0.0,0.0,1.0,0.5,0.0,,3.0,,0.5,0
19,0,2,819,nga po,0.0,0.0,1.0,1.0,0.0,,2.5,,1.0,0
19,0,2,820,po Sabik,0.5,0.0,1.0,1.0,0.0,,3.5,,1.0,0
19,0,2,821,Sabik na,0.5,0.0,1.0,0.5,0.0,,3.5,,1.0,0
19,0,2,822,na sagot,0.5,0.0,1.0,0.5,0.0,,3.5,,1.0,0
19,0,2,823,sagot ni,0.5,0.0,1.0,0.5,0.0,,3.5,,1.0,0
19,0,2,824,ni Maya,0.5,0.0,1.0,0.5,0.0,,3.0,,1.0,0
19,0,2,825,Maya Heto,1.0,0.0,1.0,1.0,0.0,,4.0,,1.5,0
19,0,2,826,Heto buksan,0.5,0.5,1.0,1.0,0.0,,5.0,,1.5,0
19,0,2,827,buksan mo,0.0,0.5,1.0,0.5,0.0,,4.0,,1.0,0
19,0,2,828,mo wika,0.5,0.0,1.0,0.5,0.0,,3.0,,1.5,0
19,0,2,829,wika ng,0.5,0.0,1.0,0.5,0.0,,3.0,,1.5,0
19,0,2,830,ng kanyang,0.0,0.0,1.0,0.0,0.0,,4.5,,1.5,0
19,0,2,831,kanyang inay,0.0,0.0,1.0,0.0,0.0,,5.5,,1.5,0
19,0,2,832,inay nang,0.0,0.0,1.0,0.5,0.0,,4.0,,1.5,0
19,0,2,833,nang buksan,0.0,0.5,1.0,1.0,0.0,,5.0,,1.5,0
19,0,2,834,buksan ni,0.0,0.5,1.0,0.5,0.0,,4.0,,1.0,0
19,0,2,835,ni Maya,0.5,0.0,1.0,0.5,0.0,,3.0,,1.0,0
19,0,2,836,Maya nagningning,0.5,0.5,1.0,1.0,0.0,,7.5,,3.0,1
19,0,2,837,nagningning ang,0.0,0.5,1.0,0.5,0.0,,7.0,,3.0,1
19,0,2,838,ang kanyang,0.0,0.0,1.0,0.0,0.0,,5.0,,1.5,0
19,0,2,839,kanyang mga,0.0,0.0,1.0,0.0,0.0,,5.0,,1.5,0
19,0,2,840,mga mata,0.5,0.0,1.0,0.5,0.0,,3.5,,1.5,0
19,0,2,841,mata nang,0.5,0.0,1.0,1.0,0.0,,4.0,,2.0,0
19,0,2,842,nang makita,0.0,0.5,1.0,1.0,0.0,,5.0,,2.5,0
19,0,2,843,makita sa,0.0,0.5,1.0,0.5,0.0,,4.0,,1.5,0
19,0,2,844,sa loob,0.5,0.0,1.0,0.5,0.0,,3.0,,0.5,0
19,0,2,845,loob ng,0.5,0.0,1.0,0.5,0.0,,3.0,,1.0,0
19,0,2,846,ng kahon,0.5,0.0,1.0,0.5,0.0,,3.5,,1.5,0
19,0,2,847,kahon si,0.5,0.0,1.0,0.5,0.0,,3.5,,1.0,0
19,0,2,848,si Meya,0.5,0.0,1.0,0.5,0.0,,3.0,,0.5,0
19,0,2,849,Meya Manika,1.0,0.0,1.0,1.0,0.0,,5.0,,2.0,0
19,0,2,850,Manika Maraming-maraming,1.0,0.0,1.0,1.0,0.0,,11.5,,5.5,1
19,0,2,851,Maraming-maraming salamat,0.5,0.0,1.0,1.0,0.0,,12.0,,5.0,1
19,0,2,852,salamat po,0.0,0.0,1.0,1.0,0.0,,4.5,,1.5,0
19,0,2,853,po Inay,0.5,0.0,1.0,1.0,0.0,,3.0,,1.0,0
19,0,2,854,Inay Niyakap,1.0,0.0,1.0,1.0,0.0,,5.5,,1.5,0
19,0,2,855,Niyakap nang,0.5,0.0,1.0,1.0,0.0,,5.5,,2.0,0
19,0,2,856,nang mahigpit,0.0,0.0,1.0,1.0,0.0,,6.0,,2.5,0
19,0,2,857,mahigpit ni,0.0,0.0,1.0,0.5,0.0,,5.0,,2.0,0
19,0,2,858,ni Maya,0.5,0.0,1.0,0.5,0.0,,3.0,,1.0,0
19,0,2,859,Maya si,0.5,0.0,1.0,0.5,0.0,,3.0,,0.5,0
19,0,2,860,si Meya,0.5,0.0,1.0,0.5,0.0,,3.0,,0.5,0
19,0,2,861,Meya Manika,1.0,0.0,1.0,1.0,0.0,,5.0,,2.0,0
19,0,2,862,Manika Masayang-masaya,1.0,0.0,1.0,1.0,0.0,,10.5,,3.0,0
19,0,2,863,Masayang-masaya din,0.5,0.0,1.0,1.0,0.0,,9.0,,2.0,0
19,0,2,864,din ang,0.0,0.0,1.0,0.5,0.0,,3.0,,1.0,0
19,0,2,865,ang kanyang,0.0,0.0,1.0,0.0,0.0,,5.0,,1.5,0
19,0,2,866,kanyang mga,0.0,0.0,1.0,0.0,0.0,,5.0,,1.5,0
19,0,2,867,mga kapatid,0.5,0.0,1.0,0.5,0.0,,5.0,,2.0,0
19,0,2,868,kapatid pinaalalahanan,0.5,0.5,1.0,1.0,0.0,,10.5,,4.5,1
19,0,2,869,pinaalalahanan ni,0.0,0.5,1.0,0.5,0.0,,8.0,,3.5,1
19,0,2,870,ni aling,0.0,0.0,1.0,0.0,0.0,,3.5,,1.5,0
19,0,2,871,aling Memay,0.5,0.0,1.0,0.5,0.0,,5.0,,2.0,0
19,0,2,872,Memay ang,0.5,0.0,1.0,0.5,0.0,,4.0,,1.5,0
19,0,2,873,ang kanyang,0.0,0.0,1.0,0.0,0.0,,5.0,,1.5,0
19,0,2,874,kanyang mga,0.0,0.0,1.0,0.0,0.0,,5.0,,1.5,0
19,0,2,875,mga anak,0.5,0.0,1.0,0.5,0.0,,3.5,,1.0,0
19,0,2,876,anak na,0.5,0.0,1.0,0.5,0.0,,3.0,,1.0,0
19,0,2,877,na kapag,0.0,0.0,1.0,0.0,0.0,,3.5,,1.5,0
19,0,2,878,kapag kayo,0.0,0.0,1.0,0.0,0.0,,4.5,,1.5,0
19,0,2,879,kayo ay,0.0,0.0,1.0,0.0,0.0,,3.0,,0.5,0
19,0,2,880,ay maglalaro,0.0,0.5,1.0,0.5,0.0,,5.5,,2.0,1
19,0,2,881,maglalaro siguraduhing,0.0,0.5,1.0,1.0,0.0,,10.5,,4.5,2
19,0,2,882,siguraduhing iligpit,0.0,0.5,1.0,1.0,0.0,,9.5,,3.5,1
19,0,2,883,iligpit sa,0.0,0.5,1.0,0.5,0.0,,4.5,,1.0,0
19,0,2,884,sa tamang,0.0,0.0,1.0,0.5,0.0,,4.0,,1.5,0
19,0,2,885,tamang lalagyan,0.5,0.0,1.0,1.0,0.0,,7.0,,2.5,0
19,0,2,886,lalagyan ang,0.5,0.0,1.0,0.5,0.0,,5.5,,1.5,0
19,0,2,887,ang inyong,0.0,0.0,1.0,0.0,0.0,,4.5,,1.0,0
19,0,2,888,inyong mga,0.0,0.0,1.0,0.0,0.0,,4.5,,1.0,0
19,0,2,889,mga laruan,0.5,0.0,1.0,0.5,0.0,,4.5,,1.5,0
19,0,2,890,laruan Pahalagahan,1.0,0.0,1.0,1.0,0.0,,8.5,,3.5,1
19,0,2,891,Pahalagahan ninyo,0.5,0.0,1.0,0.5,0.0,,8.0,,3.0,1
19,0,2,892,ninyo ang,0.0,0.0,1.0,0.0,0.0,,4.0,,1.0,0
19,0,2,893,ang ano,0.0,0.0,1.0,0.0,0.0,,3.0,,1.0,0
19,0,2,894,ano mang,0.0,0.0,1.0,0.5,0.0,,3.5,,1.5,0
19,0,2,895,mang bagay,0.5,0.0,1.0,1.0,0.0,,4.5,,2.0,0
19,0,2,896,bagay na,0.5,0.0,1.0,0.5,0.0,,3.5,,1.5,0
19,0,2,897,na nasa,0.0,0.0,1.0,0.5,0.0,,3.0,,1.0,0
19,0,2,898,nasa inyo,0.0,0.0,1.0,0.5,0.0,,4.0,,0.5,0
19,0,2,899,inyo wika,0.5,0.0,1.0,0.5,0.0,,4.0,,1.0,0
19,0,2,900,wika ng,0.5,0.0,1.0,0.5,0.0,,3.0,,1.5,0
19,0,2,901,ng kanilang,0.0,0.0,1.0,0.0,0.0,,5.0,,2.5,1
19,0,2,902,kanilang Inay,0.5,0.0,1.0,0.5,0.0,,6.0,,2.5,1
19,0,2,903,Inay Opo,1.0,0.0,1.0,1.0,0.0,,3.5,,1.0,0
19,0,2,904,Opo Inay,1.0,0.0,1.0,1.0,0.0,,3.5,,1.0,0
19,0,2,905,Inay patawad,0.5,0.0,1.0,1.0,0.0,,5.5,,2.0,0
19,0,2,906,patawad po,0.0,0.0,1.0,1.0,0.0,,4.5,,2.0,0
19,0,2,907,po nakalimutan,0.0,0.5,1.0,1.0,0.0,,6.5,,3.0,1
19,0,2,908,nakalimutan kong,0.0,0.5,1.0,0.5,0.0,,7.5,,3.5,1
19,0,2,909,kong iligpit,0.0,0.5,1.0,0.5,0.0,,5.5,,2.0,0
19,0,2,910,iligpit ang,0.0,0.5,1.0,0.5,0.0,,5.0,,1.5,0
19,0,2,911,ang aking,0.0,0.0,1.0,0.0,0.0,,4.0,,1.5,0
19,0,2,912,aking manika,0.5,0.0,1.0,0.5,0.0,,5.5,,2.5,0
19,0,2,913,manika malumanay,0.5,0.0,1.0,1.0,0.0,,7.5,,3.5,1
19,0,2,914,malumanay na,0.0,0.0,1.0,0.5,0.0,,5.5,,2.5,1
19,0,2,915,na sagot,0.5,0.0,1.0,0.5,0.0,,3.5,,1.0,0
19,0,2,916,sagot ni,0.5,0.0,1.0,0.5,0.0,,3.5,,1.0,0
19,0,2,917,ni Maya,0.5,0.0,1.0,0.5,0.0,,3.0,,1.0,0
19,0,2,918,Maya Opo,1.0,0.0,1.0,1.0,0.0,,3.5,,1.0,0
19,0,2,919,Opo Inay,1.0,0.0,1.0,1.0,0.0,,3.5,,1.0,0
19,0,2,920,Inay sagot,1.0,0.0,1.0,1.0,0.0,,4.5,,1.0,0
19,0,2,921,sagot din,0.5,0.0,1.0,1.0,0.0,,4.0,,1.0,0
19,0,2,922,din ni,0.0,0.0,1.0,0.5,0.0,,2.5,,1.0,0
19,0,2,923,ni Kuya,0.5,0.0,1.0,0.5,0.0,,3.0,,1.0,0
19,0,2,924,Kuya Miguel,1.0,0.0,1.0,1.0,0.0,,5.0,,1.5,0
19,0,2,925,Miguel at,0.5,0.0,1.0,0.5,0.0,,4.0,,1.0,0
19,0,2,926,at Marco,0.5,0.0,1.0,0.5,0.0,,3.5,,1.0,0
19,0,2,927,Marco Hinalikan,1.0,0.0,1.0,1.0,0.0,,7.0,,3.0,1
19,0,2,928,Hinalikan at,0.5,0.0,1.0,0.5,0.0,,5.5,,2.0,1
19,0,2,929,at niyaakap,0.0,0.5,1.0,0.5,0.0,,5.0,,1.0,0
19,0,2,930,niyaakap muli,0.0,0.5,1.0,1.0,0.0,,6.0,,2.0,0
19,0,2,931,muli Maya,0.5,0.0,1.0,1.0,0.0,,4.0,,1.5,0
19,0,2,932,Maya si,0.5,0.0,1.0,0.5,0.0,,3.0,,0.5,0
19,0,2,933,si Meya,0.5,0.0,1.0,0.5,0.0,,3.0,,0.5,0
19,0,2,934,Meya Manika,1.0,0.0,1.0,1.0,0.0,,5.0,,2.0,0
19,0,3,0,si Maya ay,0.3333,0.0,1.0,0.3333,0.0,,2.667,,0.3333,0
19,0,3,1,Maya ay pangalawa,0.3333,0.0,1.0,0.6667,0.0,,5.0,,1.667,1
19,0,3,2,ay pangalawa sa,0.0,0.0,1.0,0.3333,0.0,,4.333,,1.333,1
19,0,3,3,pangalawa sa tatlong,0.0,0.0,1.0,0.6667,0.0,,6.0,,2.333,1
19,0,3,4,sa tatlong magkakapatid,0.3333,0.0,1.0,0.6667,0.0,,7.0,,2.667,1
19,0,3,5,tatlong magkakapatid nakatira,0.3333,0.3333,1.0,1.0,0.0,,9.0,,4.0,2
19,0,3,6,magkakapatid nakatira sila,0.3333,0.3333,1.0,0.6667,0.0,,8.0,,3.333,2
19,0,3,7,nakatira sila sa,0.0,0.3333,1.0,0.3333,0.0,,4.667,,1.667,1
19,0,3,8,sila sa abang,0.0,0.0,1.0,0.3333,0.0,,3.667,,1.0,0
19,0,3,9,sa abang tahanan,0.3333,0.0,1.0,0.6667,0.0,,4.667,,1.667,0
19,0,3,10,abang tahanan ng,0.3333,0.0,1.0,0.6667,0.0,,4.667,,2.0,0
19,0,3,11,tahanan ng Barangay,0.6667,0.0,1.0,0.6667,0.0,,5.667,,2.333,0
19,0,3,12,ng Barangay San,0.6667,0.0,1.0,0.6667,0.0,,4.333,,1.333,0
19,0,3,13,Barangay San Isidro,1.0,0.0,1.0,1.0,0.0,,5.667,,1.333,0
19,0,3,14,San Isidro lungsod,1.0,0.0,1.0,1.0,0.0,,5.333,,1.0,0
19,0,3,15,Isidro lungsod ng,0.6667,0.0,1.0,0.6667,0.0,,5.0,,1.333,0
19,0,3,16,lungsod ng Heneral,0.6667,0.0,1.0,0.6667,0.0,,5.333,,2.0,0
19,0,3,17,ng Heneral Santos,0.6667,0.0,1.0,0.6667,0.0,,5.0,,1.667,0
19,0,3,18,Heneral Santos Mapagmahal,1.0,0.0,1.0,1.0,0.0,,7.667,,2.667,1
19,0,3,19,Santos Mapagmahal ang,0.6667,0.0,1.0,0.6667,0.0,,6.333,,2.0,1
19,0,3,20,Mapagmahal ang kanyang,0.3333,0.0,1.0,0.3333,0.0,,6.667,,2.333,1
19,0,3,21,ang kanyang mga,0.0,0.0,1.0,0.0,0.0,,4.333,,1.333,0
19,0,3,22,kanyang mga magulang,0.3333,0.0,1.0,0.3333,0.0,,6.0,,2.333,1
19,0,3,23,mga magulang na,0.3333,0.0,1.0,0.3333,0.0,,4.333,,2.0,1
19,0,3,24,magulang na sina,0.3333,0.0,1.0,0.3333,0.0,,4.667,,2.0,1
19,0,3,25,na sina Mang,0.3333,0.0,1.0,0.3333,0.0,,3.333,,1.333,0
19,0,3,26,sina Mang Mando,0.6667,0.0,1.0,0.6667,0.0,,4.333,,1.667,0
19,0,3,27,Mang Mando at,0.6667,0.0,1.0,0.6667,0.0,,3.667,,1.333,0
19,0,3,28,Mando at aling,0.3333,0.0,1.0,0.3333,0.0,,4.0,,1.333,0
19,0,3,29,at aling Memay,0.3333,0.0,1.0,0.3333,0.0,,4.0,,1.333,0
19,0,3,30,aling Memay Mahilig,0.6667,0.0,1.0,0.6667,0.0,,5.667,,2.333,0
19,0,3,31,Memay Mahilig maglaro,0.6667,0.3333,1.0,1.0,0.0,,6.333,,2.667,0
19,0,3,32,Mahilig maglaro si,0.3333,0.3333,1.0,0.6667,0.0,,5.333,,2.0,0
19,0,3,33,maglaro si Maya,0.3333,0.3333,1.0,0.6667,0.0,,4.333,,1.333,0
19,0,3,34,si Maya sa,0.3333,0.0,1.0,0.3333,0.0,,2.667,,0.3333,0
19,0,3,35,Maya sa kanyang,0.3333,0.0,1.0,0.3333,0.0,,4.333,,1.0,0
19,0,3,36,sa kanyang manika,0.3333,0.0,1.0,0.3333,0.0,,5.0,,1.667,0
19,0,3,37,kanyang manika na,0.3333,0.0,1.0,0.3333,0.0,,5.0,,2.0,0
19,0,3,38,manika na bigay,0.3333,0.3333,1.0,0.6667,0.0,,4.333,,2.0,0
19,0,3,39,na bigay ng,0.0,0.3333,1.0,0.3333,0.0,,3.0,,1.333,0
19,0,3,40,bigay ng kanyang,0.0,0.3333,1.0,0.3333,0.0,,4.667,,1.667,0
19,0,3,41,ng kanyang Ante,0.3333,0.0,1.0,0.3333,0.0,,4.333,,1.333,0
19,0,3,42,kanyang Ante Anna,0.6667,0.0,1.0,0.6667,0.0,,5.0,,1.333,0
19,0,3,43,Ante Anna Araw,1.0,0.0,1.0,1.0,0.0,,4.0,,1.0,0
19,0,3,44,Anna Araw ng,0.6667,0.0,1.0,0.6667,0.0,,3.333,,1.0,0
19,0,3,45,Araw ng Sabado,0.6667,0.0,1.0,0.6667,0.0,,4.0,,1.333,0
19,0,3,46,ng Sabado naglalaro,0.3333,0.3333,1.0,0.6667,0.0,,5.667,,2.333,1
19,0,3,47,Sabado naglalaro ang,0.3333,0.3333,1.0,0.6667,0.0,,6.0,,2.333,1
19,0,3,48,naglalaro ang magkakapatid,0.3333,0.3333,1.0,0.6667,0.0,,8.0,,3.333,2
19,0,3,49,ang magkakapatid Kuya,0.6667,0.0,1.0,0.6667,0.0,,6.333,,2.333,1
19,0,3,50,magkakapatid Kuya Miguel,1.0,0.0,1.0,1.0,0.0,,7.333,,2.667,1
19,0,3,51,Kuya Miguel maglalaro,0.6667,0.3333,1.0,1.0,0.0,,6.333,,2.333,1
19,0,3,52,Miguel maglalaro tayo,0.3333,0.3333,1.0,0.6667,0.0,,6.333,,2.333,1
19,0,3,53,maglalaro tayo ng,0.0,0.3333,1.0,0.3333,0.0,,5.0,,2.0,1
19,0,3,54,tayo ng manika,0.3333,0.0,1.0,0.3333,0.0,,4.0,,1.667,0
19,0,3,55,ng manika ko,0.3333,0.0,1.0,0.3333,0.0,,3.333,,1.667,0
19,0,3,56,manika ko tawag,0.6667,0.0,1.0,0.6667,0.0,,4.333,,2.0,0
19,0,3,57,ko tawag ni,0.3333,0.0,1.0,0.3333,0.0,,3.0,,1.333,0
19,0,3,58,tawag ni Maya,0.6667,0.0,1.0,0.6667,0.0,,3.667,,1.333,0
19,0,3,59,ni Maya sa,0.3333,0.0,1.0,0.3333,0.0,,2.667,,0.6667,0
19,0,3,60,Maya sa kanyang,0.3333,0.0,1.0,0.3333,0.0,,4.333,,1.0,0
19,0,3,61,sa kanyang nakatatandang,0.0,0.0,1.0,0.3333,0.0,,7.333,,2.667,1
19,0,3,62,kanyang nakatatandang kapatid,0.3333,0.0,1.0,0.6667,0.0,,9.0,,3.667,1
19,0,3,63,nakatatandang kapatid Bog,0.6667,0.0,1.0,1.0,0.0,,7.667,,3.333,1
19,0,3,64,kapatid Bog #Bog,1.0,0.0,1.0,1.0,0.0,,4.667,,1.667,0
19,0,3,65,Bog #Bog #Bog,1.0,0.0,0.6667,1.0,0.0,,3.667,,1.0,0
19,0,3,66,#Bog #Bog sandali,0.6667,0.0,0.6667,1.0,0.0,,5.0,,1.333,0
19,0,3,67,#Bog sandali lamang,0.3333,0.0,1.0,1.0,0.0,,5.667,,2.0,0
19,0,3,68,sandali lamang naglalaro,0.0,0.3333,1.0,1.0,0.0,,7.333,,3.0,1
19,0,3,69,lamang naglalaro pa,0.0,0.3333,1.0,1.0,0.0,,5.667,,2.667,1
19,0,3,70,naglalaro pa kami,0.0,0.3333,1.0,0.6667,0.0,,5.0,,2.333,1
19,0,3,71,pa kami ni,0.0,0.0,1.0,0.3333,0.0,,2.667,,1.333,0
19,0,3,72,kami ni Marco,0.3333,0.0,1.0,0.3333,0.0,,3.667,,1.667,0
19,0,3,73,ni Marco ng,0.3333,0.0,1.0,0.3333,0.0,,3.0,,1.333,0
19,0,3,74,Marco ng basketball,0.6667,0.0,1.0,0.6667,0.0,,5.667,,2.0,0
19,0,3,75,ng basketball tugon,0.6667,0.0,1.0,0.6667,0.0,,5.667,,2.0,0
19,0,3,76,basketball tugon naman,0.6667,0.0,1.0,1.0,0.0,,6.667,,2.333,0
19,0,3,77,tugon naman ng,0.3333,0.0,1.0,0.6667,0.0,,4.0,,1.667,0
19,0,3,78,naman ng kanyang,0.0,0.0,1.0,0.3333,0.0,,4.667,,1.667,0
19,0,3,79,ng kanyang Kuya,0.3333,0.0,1.0,0.3333,0.0,,4.333,,1.333,0
19,0,3,80,kanyang Kuya Miguel,0.6667,0.0,1.0,0.6667,0.0,,5.667,,1.667,0
19,0,3,81,Kuya Miguel si,0.6667,0.0,1.0,0.6667,0.0,,4.0,,1.0,0
19,0,3,82,Miguel si Marco,0.6667,0.0,1.0,0.6667,0.0,,4.333,,1.333,0
19,0,3,83,si Marco ay,0.3333,0.0,1.0,0.3333,0.0,,3.0,,0.6667,0
19,0,3,84,Marco ay ang,0.3333,0.0,1.0,0.3333,0.0,,3.333,,1.0,0
19,0,3,85,ay ang kanilang,0.0,0.0,1.0,0.0,0.0,,4.333,,1.667,1
19,0,3,86,ang kanilang nakababatang,0.0,0.0,1.0,0.3333,0.0,,7.667,,3.667,2
19,0,3,87,kanilang nakababatang kapatid,0.3333,0.0,1.0,0.6667,0.0,,9.0,,4.333,2
19,0,3,88,nakababatang kapatid Mag-isa,0.6667,0.0,1.0,1.0,0.0,,8.667,,3.333,1
19,0,3,89,kapatid Mag-isa na,0.6667,0.0,1.0,0.6667,0.0,,5.333,,1.667,0
19,0,3,90,Mag-isa na lamang,0.3333,0.0,1.0,0.6667,0.0,,5.0,,1.667,0
19,0,3,91,na lamang naglaro,0.0,0.3333,1.0,0.6667,0.0,,5.0,,2.333,0
19,0,3,92,lamang naglaro si,0.0,0.3333,1.0,0.6667,0.0,,5.0,,2.0,0
19,0,3,93,naglaro si Maya,0.3333,0.3333,1.0,0.6667,0.0,,4.333,,1.333,0
19,0,3,94,si Maya sa,0.3333,0.0,1.0,0.3333,0.0,,2.667,,0.3333,0
19,0,3,95,Maya sa kanyang,0.3333,0.0,1.0,0.3333,0.0,,4.333,,1.0,0
19,0,3,96,sa kanyang manika,0.3333,0.0,1.0,0.3333,0.0,,5.0,,1.667,0
19,0,3,97,kanyang manika na,0.3333,0.0,1.0,0.3333,0.0,,5.0,,2.0,0
19,0,3,98,manika na pinangalanan,0.3333,0.3333,1.0,0.6667,0.0,,6.667,,3.0,1
19,0,3,99,na pinangalanan niyang,0.0,0.3333,1.0,0.3333,0.0,,6.667,,2.667,1
19,0,3,100,pinangalanan niyang Meya,0.3333,0.3333,1.0,0.6667,0.0,,7.333,,2.667,1
19,0,3,101,niyang Meya Mmmmm,0.6667,0.0,1.0,0.6667,0.0,,5.0,,1.0,0
19,0,3,102,Meya Mmmmm mmmmm,0.6667,0.0,1.0,0.6667,0.0,,4.667,,0.3333,0
19,0,3,103,Mmmmm mmmmm tulog,0.6667,0.0,1.0,0.6667,0.0,,5.0,,0.6667,0
19,0,3,104,mmmmm tulog na,0.3333,0.0,1.0,0.3333,0.0,,4.0,,1.0,0
19,0,3,105,tulog na tulog,0.6667,0.0,0.6667,0.6667,0.0,,4.0,,1.667,0
19,0,3,106,na tulog na,0.3333,0.0,0.6667,0.3333,0.0,,3.0,,1.333,0
19,0,3,107,tulog na Meya,0.6667,0.0,1.0,0.6667,0.0,,3.667,,1.333,0
19,0,3,108,na Meya kong,0.3333,0.0,1.0,0.3333,0.0,,3.333,,1.333,0
19,0,3,109,Meya kong mahal,0.3333,0.0,1.0,0.6667,0.0,,4.333,,1.667,0
19,0,3,110,kong mahal Awit,0.3333,0.0,1.0,0.6667,0.0,,4.333,,1.667,0
19,0,3,111,mahal Awit ni,0.3333,0.0,1.0,0.6667,0.0,,3.667,,1.333,0
19,0,3,112,Awit ni Maya,0.6667,0.0,1.0,0.6667,0.0,,3.333,,1.0,0
19,0,3,113,ni Maya habang,0.3333,0.0,1.0,0.6667,0.0,,4.0,,1.667,0
19,0,3,114,Maya habang inuugoy,0.3333,0.3333,1.0,1.0,0.0,,5.667,,2.0,0
19,0,3,115,habang inuugoy ang,0.0,0.3333,1.0,0.6667,0.0,,5.333,,2.0,0
19,0,3,116,inuugoy ang kanyang,0.0,0.3333,1.0,0.3333,0.0,,5.667,,1.667,0
19,0,3,117,ang kanyang manika,0.3333,0.0,1.0,0.3333,0.0,,5.333,,2.0,0
19,0,3,118,kanyang manika inilapag,0.3333,0.3333,1.0,0.6667,0.0,,7.0,,2.667,0
19,0,3,119,manika inilapag niya,0.3333,0.3333,1.0,0.6667,0.0,,6.0,,2.333,0
19,0,3,120,inilapag niya ito,0.0,0.3333,1.0,0.3333,0.0,,5.0,,1.667,0
19,0,3,121,niya ito sa,0.0,0.0,1.0,0.0,0.0,,3.0,,0.6667,0
19,0,3,122,ito sa loob,0.3333,0.0,1.0,0.3333,0.0,,3.0,,0.6667,0
19,0,3,123,sa loob ng,0.3333,0.0,1.0,0.3333,0.0,,2.667,,0.6667,0
19,0,3,124,loob ng kahon,0.6667,0.0,1.0,0.6667,0.0,,3.667,,1.333,0
19,0,3,125,ng kahon bilang,0.3333,0.0,1.0,0.3333,0.0,,4.333,,2.0,0
19,0,3,126,kahon bilang kama,0.6667,0.0,1.0,0.6667,0.0,,5.0,,2.333,0
19,0,3,127,bilang kama ng,0.3333,0.0,1.0,0.3333,0.0,,4.0,,2.0,0
19,0,3,128,kama ng kanyang,0.3333,0.0,1.0,0.3333,0.0,,4.333,,1.667,0
19,0,3,129,ng kanyang manika,0.3333,0.0,1.0,0.3333,0.0,,5.0,,2.0,0
19,0,3,130,kanyang manika pumunta,0.3333,0.3333,1.0,0.6667,0.0,,6.667,,2.667,0
19,0,3,131,manika pumunta si,0.3333,0.3333,1.0,0.6667,0.0,,5.0,,2.0,0
19,0,3,132,pumunta si Maya,0.3333,0.3333,1.0,0.6667,0.0,,4.333,,1.333,0
19,0,3,133,si Maya sa,0.3333,0.0,1.0,0.3333,0.0,,2.667,,0.3333,0
19,0,3,134,Maya sa kusina,0.6667,0.0,1.0,0.6667,0.0,,4.0,,1.0,0
19,0,3,135,sa kusina upang,0.3333,0.0,1.0,0.3333,0.0,,4.333,,1.333,0
19,0,3,136,kusina upang uminom,0.3333,0.3333,1.0,0.6667,0.0,,5.667,,2.0,0
19,0,3,137,upang uminom ng,0.0,0.3333,1.0,0.3333,0.0,,4.333,,1.667,0
19,0,3,138,uminom ng tubig,0.3333,0.3333,1.0,0.6667,0.0,,4.333,,1.667,0
19,0,3,139,ng tubig nakita,0.3333,0.3333,1.0,0.6667,0.0,,4.333,,2.0,0
19,0,3,140,tubig nakita niya,0.3333,0.3333,1.0,0.6667,0.0,,5.0,,2.0,0
19,0,3,141,nakita niya sa,0.0,0.3333,1.0,0.3333,0.0,,4.0,,1.333,0
19,0,3,142,niya sa labas,0.0,0.0,1.0,0.3333,0.0,,3.667,,1.0,0
19,0,3,143,sa labas ang,0.0,0.0,1.0,0.3333,0.0,,3.333,,1.0,0
19,0,3,144,labas ang dalawa,0.0,0.0,1.0,0.3333,0.0,,4.667,,2.0,0
19,0,3,145,ang dalawa niyang,0.0,0.0,1.0,0.0,0.0,,5.0,,2.0,0
19,0,3,146,dalawa niyang kapatid,0.3333,0.0,1.0,0.3333,0.0,,6.333,,2.667,0
19,0,3,147,niyang kapatid na,0.3333,0.0,1.0,0.3333,0.0,,5.0,,2.0,0
19,0,3,148,kapatid na naglalaro,0.3333,0.3333,1.0,0.6667,0.0,,6.0,,2.667,1
19,0,3,149,na naglalaro ng,0.0,0.3333,1.0,0.3333,0.0,,4.333,,2.0,1
19,0,3,150,naglalaro ng bola,0.3333,0.3333,1.0,0.6667,0.0,,5.0,,2.333,1
19,0,3,151,ng bola Kuya,0.6667,0.0,1.0,0.6667,0.0,,3.333,,1.333,0
19,0,3,152,bola Kuya Miguel,1.0,0.0,1.0,1.0,0.0,,4.667,,1.667,0
19,0,3,153,Kuya Miguel ipasa,0.6667,0.3333,1.0,1.0,0.0,,5.0,,1.333,0
19,0,3,154,Miguel ipasa mo,0.3333,0.3333,1.0,0.6667,0.0,,4.333,,1.333,0
19,0,3,155,ipasa mo rin,0.0,0.3333,1.0,0.6667,0.0,,3.333,,1.0,0
19,0,3,156,mo rin sa,0.0,0.0,1.0,0.3333,0.0,,2.333,,0.6667,0
19,0,3,157,rin sa akin,0.0,0.0,1.0,0.3333,0.0,,3.0,,0.6667,0
19,0,3,158,sa akin ang,0.0,0.0,1.0,0.0,0.0,,3.0,,0.6667,0
19,0,3,159,akin ang bola,0.3333,0.0,1.0,0.3333,0.0,,3.667,,1.333,0
19,0,3,160,ang bola nakangiting,0.3333,0.3333,1.0,0.6667,0.0,,6.0,,2.667,1
19,0,3,161,bola nakangiting sigaw,0.6667,0.3333,1.0,1.0,0.0,,6.667,,2.667,1
19,0,3,162,nakangiting sigaw ni,0.3333,0.3333,1.0,0.6667,0.0,,6.0,,2.333,1
19,0,3,163,sigaw ni Maya,0.6667,0.0,1.0,0.6667,0.0,,3.667,,1.0,0
19,0,3,164,ni Maya eto,0.3333,0.0,1.0,0.3333,0.0,,3.0,,1.0,0
19,0,3,165,Maya eto saluin,0.3333,0.3333,1.0,0.6667,0.0,,4.333,,1.0,0
19,0,3,166,eto saluin mo,0.0,0.3333,1.0,0.3333,0.0,,3.667,,1.0,0
19,0,3,167,saluin mo ang,0.0,0.3333,1.0,0.3333,0.0,,3.667,,1.0,0
19,0,3,168,mo ang bola,0.3333,0.0,1.0,0.3333,0.0,,3.0,,1.333,0
19,0,3,169,ang bola Maya,0.6667,0.0,1.0,0.6667,0.0,,3.667,,1.333,0
19,0,3,170,bola Maya Tugon,1.0,0.0,1.0,1.0,0.0,,4.333,,1.667,0
19,0,3,171,Maya Tugon ni,0.6667,0.0,1.0,0.6667,0.0,,3.667,,1.333,0
19,0,3,172,Tugon ni Kuya,0.6667,0.0,1.0,0.6667,0.0,,3.667,,1.333,0
19,0,3,173,ni Kuya Miguel,0.6667,0.0,1.0,0.6667,0.0,,4.0,,1.333,0
19,0,3,174,Kuya Miguel Wow,1.0,0.0,1.0,1.0,0.0,,4.333,,1.333,0
19,0,3,175,Miguel Wow ang,0.6667,0.0,1.0,0.6667,0.0,,4.0,,1.333,0
19,0,3,176,Wow ang galing,0.3333,0.0,1.0,0.6667,0.0,,4.0,,1.667,0
19,0,3,177,ang galing mo,0.0,0.0,1.0,0.3333,0.0,,3.667,,1.667,0
19,0,3,178,galing mo Ate,0.3333,0.0,1.0,0.6667,0.0,,3.667,,1.667,0
19,0,3,179,mo Ate Maya,0.6667,0.0,1.0,0.6667,0.0,,3.0,,1.0,0
19,0,3,180,Ate Maya nasalo,0.6667,0.3333,1.0,1.0,0.0,,4.333,,1.333,0
19,0,3,181,Maya nasalo mo,0.3333,0.3333,1.0,0.6667,0.0,,4.0,,1.333,0
19,0,3,182,nasalo mo papuri,0.3333,0.3333,1.0,0.6667,0.0,,4.667,,2.0,0
19,0,3,183,mo papuri ni,0.3333,0.0,1.0,0.3333,0.0,,3.333,,1.667,0
19,0,3,184,papuri ni Marco,0.6667,0.0,1.0,0.6667,0.0,,4.333,,2.0,0
19,0,3,185,ni Marco sa,0.3333,0.0,1.0,0.3333,0.0,,3.0,,1.0,0
19,0,3,186,Marco sa kanyang,0.3333,0.0,1.0,0.3333,0.0,,4.667,,1.333,0
19,0,3,187,sa kanyang ate,0.0,0.0,1.0,0.0,0.0,,4.0,,1.0,0
19,0,3,188,kanyang ate lumabas,0.0,0.3333,1.0,0.3333,0.0,,5.667,,2.0,0
19,0,3,189,ate lumabas sila,0.0,0.3333,1.0,0.3333,0.0,,4.667,,1.667,0
19,0,3,190,lumabas sila sa,0.0,0.3333,1.0,0.3333,0.0,,4.333,,1.333,0
19,0,3,191,sila sa kanilang,0.0,0.0,1.0,0.0,0.0,,4.667,,1.667,1
19,0,3,192,sa kanilang bahay,0.3333,0.0,1.0,0.3333,0.0,,5.0,,2.0,1
19,0,3,193,kanilang bahay upang,0.3333,0.0,1.0,0.3333,0.0,,6.0,,2.667,1
19,0,3,194,bahay upang maglaro,0.3333,0.3333,1.0,0.6667,0.0,,5.667,,2.333,0
19,0,3,195,upang maglaro pa,0.0,0.3333,1.0,0.6667,0.0,,4.667,,2.0,0
19,0,3,196,maglaro pa ng,0.0,0.3333,1.0,0.6667,0.0,,3.667,,1.667,0
19,0,3,197,pa ng habol-habolan,0.0,0.0,1.0,0.3333,0.0,,5.667,,2.333,1
19,0,3,198,ng habol-habolan dumating,0.0,0.3333,1.0,0.3333,0.0,,7.667,,3.333,2
19,0,3,199,habol-habolan dumating ang,0.0,0.3333,1.0,0.3333,0.0,,8.0,,3.333,2
19,0,3,200,dumating ang kanyang,0.0,0.3333,1.0,0.3333,0.0,,6.0,,2.333,1
19,0,3,201,ang kanyang Nanay,0.3333,0.0,1.0,0.3333,0.0,,5.0,,1.667,0
19,0,3,202,kanyang Nanay Memay,0.6667,0.0,1.0,0.6667,0.0,,5.667,,2.0,0
19,0,3,203,Nanay Memay mula,0.6667,0.0,1.0,1.0,0.0,,4.667,,2.0,0
19,0,3,204,Memay mula sa,0.3333,0.0,1.0,0.6667,0.0,,3.667,,1.333,0
19,0,3,205,mula sa palengke,0.3333,0.0,1.0,0.6667,0.0,,4.667,,2.0,1
19,0,3,206,sa palengke Mano,0.6667,0.0,1.0,0.6667,0.0,,4.667,,2.0,1
19,0,3,207,palengke Mano po,0.6667,0.0,1.0,1.0,0.0,,4.667,,2.333,1
19,0,3,208,Mano po Inay,0.6667,0.0,1.0,1.0,0.0,,3.333,,1.333,0
19,0,3,209,po Inay patakbong,0.3333,0.0,1.0,1.0,0.0,,5.0,,2.0,1
19,0,3,210,Inay patakbong lumapit,0.3333,0.3333,1.0,1.0,0.0,,6.667,,2.667,1
19,0,3,211,patakbong lumapit ang,0.0,0.3333,1.0,0.6667,0.0,,6.333,,2.667,1
19,0,3,212,lumapit ang magkakapatid,0.3333,0.3333,1.0,0.6667,0.0,,7.333,,3.0,1
19,0,3,213,ang magkakapatid maaari,0.3333,0.3333,1.0,0.6667,0.0,,7.0,,2.667,1
19,0,3,214,magkakapatid maaari po,0.3333,0.3333,1.0,1.0,0.0,,6.667,,2.667,1
19,0,3,215,maaari po bang,0.0,0.3333,1.0,1.0,0.0,,4.0,,1.667,0
19,0,3,216,po bang maglaro,0.0,0.3333,1.0,1.0,0.0,,4.333,,2.0,0
19,0,3,217,bang maglaro pa,0.0,0.3333,1.0,1.0,0.0,,4.333,,2.0,0
19,0,3,218,maglaro pa kami,0.0,0.3333,1.0,0.6667,0.0,,4.333,,2.0,0
19,0,3,219,pa kami sa,0.0,0.0,1.0,0.3333,0.0,,2.667,,1.0,0
19,0,3,220,kami sa labas,0.0,0.0,1.0,0.3333,0.0,,3.667,,1.333,0
19,0,3,221,sa labas Inay,0.3333,0.0,1.0,0.6667,0.0,,3.667,,1.0,0
19,0,3,222,labas Inay Paalam,0.6667,0.0,1.0,1.0,0.0,,5.0,,1.667,0
19,0,3,223,Inay Paalam ni,0.6667,0.0,1.0,0.6667,0.0,,4.0,,1.333,0
19,0,3,224,Paalam ni Kuya,0.6667,0.0,1.0,0.6667,0.0,,4.0,,1.333,0
19,0,3,225,ni Kuya Miguel,0.6667,0.0,1.0,0.6667,0.0,,4.0,,1.333,0
19,0,3,226,Kuya Miguel kay,0.6667,0.0,1.0,0.6667,0.0,,4.333,,1.333,0
19,0,3,227,Miguel kay aling,0.3333,0.0,1.0,0.3333,0.0,,4.667,,1.667,0
19,0,3,228,kay aling Memay,0.3333,0.0,1.0,0.3333,0.0,,4.333,,1.667,0
19,0,3,229,aling Memay O,0.6667,0.0,1.0,0.6667,0.0,,3.667,,1.333,0
19,0,3,230,Memay O sige,0.6667,0.0,1.0,0.6667,0.0,,3.333,,1.0,0
19,0,3,231,O sige mga,0.3333,0.0,1.0,0.3333,0.0,,2.667,,0.6667,0
19,0,3,232,sige mga anak,0.3333,0.0,1.0,0.3333,0.0,,3.667,,1.0,0
19,0,3,233,mga anak basta,0.3333,0.0,1.0,0.3333,0.0,,4.0,,1.333,0
19,0,3,234,anak basta maging,0.3333,0.3333,1.0,0.6667,0.0,,5.0,,2.0,0
19,0,3,235,basta maging maingat,0.0,0.3333,1.0,0.6667,0.0,,6.0,,2.333,0
19,0,3,236,maging maingat at,0.0,0.3333,1.0,0.6667,0.0,,5.0,,1.667,0
19,0,3,237,maingat at huwag,0.0,0.0,1.0,0.6667,0.0,,4.667,,1.333,0
19,0,3,238,at huwag mag-aaway,0.0,0.3333,1.0,0.6667,0.0,,5.333,,1.333,0
19,0,3,239,huwag mag-aaway paalala,0.3333,0.3333,1.0,1.0,0.0,,7.0,,2.333,0
19,0,3,240,mag-aaway paalala ni,0.3333,0.3333,1.0,0.6667,0.0,,6.0,,2.0,0
19,0,3,241,paalala ni aling,0.3333,0.0,1.0,0.3333,0.0,,4.667,,2.0,0
19,0,3,242,ni aling Memay,0.3333,0.0,1.0,0.3333,0.0,,4.0,,1.667,0
19,0,3,243,aling Memay Huli,0.6667,0.0,1.0,0.6667,0.0,,4.667,,2.0,0
19,0,3,244,Memay Huli ka,0.6667,0.0,1.0,0.6667,0.0,,3.667,,1.667,0
19,0,3,245,Huli ka Marco,0.6667,0.0,1.0,0.6667,0.0,,3.667,,1.667,0
19,0,3,246,ka Marco ako,0.3333,0.0,1.0,0.3333,0.0,,3.333,,1.333,0
19,0,3,247,Marco ako naman,0.3333,0.0,1.0,0.6667,0.0,,4.333,,1.667,0
19,0,3,248,ako naman habulin,0.0,0.3333,1.0,0.6667,0.0,,5.0,,2.0,0
19,0,3,249,naman habulin mo,0.0,0.3333,1.0,0.6667,0.0,,4.667,,2.0,0
19,0,3,250,habulin mo Marco,0.3333,0.3333,1.0,0.6667,0.0,,4.667,,2.0,0
19,0,3,251,mo Marco tugon,0.6667,0.0,1.0,0.6667,0.0,,4.0,,1.667,0
19,0,3,252,Marco tugon ni,0.6667,0.0,1.0,0.6667,0.0,,4.0,,1.667,0
19,0,3,253,tugon ni Maya,0.6667,0.0,1.0,0.6667,0.0,,3.667,,1.333,0
19,0,3,254,ni Maya Mag-iingat,0.6667,0.0,1.0,0.6667,0.0,,5.333,,1.333,0
19,0,3,255,Maya Mag-iingat kayo,0.6667,0.0,1.0,0.6667,0.0,,6.0,,1.333,0
19,0,3,256,Mag-iingat kayo baka,0.3333,0.0,1.0,0.6667,0.0,,6.0,,1.667,0
19,0,3,257,kayo baka madapa,0.0,0.3333,1.0,0.6667,0.0,,4.667,,2.0,0
19,0,3,258,baka madapa kayo,0.0,0.3333,1.0,0.6667,0.0,,4.667,,2.0,0
19,0,3,259,madapa kayo paalala,0.3333,0.3333,1.0,0.6667,0.0,,5.667,,2.333,0
19,0,3,260,kayo paalala ng,0.3333,0.0,1.0,0.3333,0.0,,4.333,,1.667,0
19,0,3,261,paalala ng kanilang,0.3333,0.0,1.0,0.3333,0.0,,5.667,,2.667,1
19,0,3,262,ng kanilang Kuya,0.3333,0.0,1.0,0.3333,0.0,,4.667,,2.0,1
19,0,3,263,kanilang Kuya Miguel,0.6667,0.0,1.0,0.6667,0.0,,6.0,,2.333,1
19,0,3,264,Kuya Miguel sa,0.6667,0.0,1.0,0.6667,0.0,,4.0,,1.0,0
19,0,3,265,Miguel sa kusina,0.6667,0.0,1.0,0.6667,0.0,,4.667,,1.333,0
19,0,3,266,sa kusina inaayos,0.3333,0.3333,1.0,0.6667,0.0,,5.0,,1.0,0
19,0,3,267,kusina inaayos ni,0.3333,0.3333,1.0,0.6667,0.0,,5.0,,1.333,0
19,0,3,268,inaayos ni aling,0.0,0.3333,1.0,0.3333,0.0,,4.667,,1.333,0
19,0,3,269,ni aling Memay,0.3333,0.0,1.0,0.3333,0.0,,4.0,,1.667,0
19,0,3,270,aling Memay ang,0.3333,0.0,1.0,0.3333,0.0,,4.333,,1.667,0
19,0,3,271,Memay ang kanyang,0.3333,0.0,1.0,0.3333,0.0,,5.0,,1.667,0
19,0,3,272,ang kanyang pinamili,0.0,0.3333,1.0,0.3333,0.0,,6.0,,2.333,1
19,0,3,273,kanyang pinamili meron,0.0,0.6667,1.0,0.6667,0.0,,6.667,,2.667,1
19,0,3,274,pinamili meron siyang,0.0,0.6667,1.0,0.6667,0.0,,6.333,,2.333,1
19,0,3,275,meron siyang mga,0.0,0.3333,1.0,0.3333,0.0,,4.667,,1.333,0
19,0,3,276,siyang mga prutas,0.3333,0.0,1.0,0.3333,0.0,,5.0,,1.333,0
19,0,3,277,mga prutas ;,0.3333,0.0,1.0,0.3333,0.0,,3.333,,1.0,0
19,0,3,278,prutas ; mangga,0.3333,0.3333,1.0,0.6667,0.0,,4.333,,1.667,0
19,0,3,279,; mangga at,0.0,0.3333,1.0,0.3333,0.0,,3.0,,1.0,0
19,0,3,280,mangga at mansanas,0.3333,0.3333,1.0,0.6667,0.0,,5.333,,1.667,0
19,0,3,281,at mansanas Gulay,0.6667,0.0,1.0,0.6667,0.0,,5.0,,1.333,0
19,0,3,282,mansanas Gulay at,0.6667,0.0,1.0,0.6667,0.0,,5.0,,1.333,0
19,0,3,283,Gulay at manok,0.6667,0.0,1.0,0.6667,0.0,,4.0,,1.333,0
19,0,3,284,at manok nagligpit,0.3333,0.3333,1.0,0.6667,0.0,,5.333,,1.667,0
19,0,3,285,manok nagligpit siya,0.3333,0.3333,1.0,0.6667,0.0,,6.0,,1.667,0
19,0,3,286,nagligpit siya ng,0.0,0.3333,1.0,0.3333,0.0,,5.0,,1.333,0
19,0,3,287,siya ng mga,0.0,0.0,1.0,0.0,0.0,,3.0,,0.6667,0
19,0,3,288,ng mga kalat,0.0,0.0,1.0,0.3333,0.0,,3.333,,1.333,0
19,0,3,289,mga kalat sa,0.0,0.0,1.0,0.3333,0.0,,3.333,,1.0,0
19,0,3,290,kalat sa loob,0.3333,0.0,1.0,0.6667,0.0,,3.667,,1.0,0
19,0,3,291,sa loob ng,0.3333,0.0,1.0,0.3333,0.0,,2.667,,0.6667,0
19,0,3,292,loob ng sala,0.6667,0.0,1.0,0.6667,0.0,,3.333,,1.0,0
19,0,3,293,ng sala itinabi,0.3333,0.3333,1.0,0.6667,0.0,,4.333,,1.667,0
19,0,3,294,sala itinabi ang,0.3333,0.3333,1.0,0.6667,0.0,,4.667,,1.667,0
19,0,3,295,itinabi ang kahon,0.3333,0.3333,1.0,0.6667,0.0,,5.0,,2.0,0
19,0,3,296,ang kahon at,0.3333,0.0,1.0,0.3333,0.0,,3.333,,1.0,0
19,0,3,297,kahon at ipinasok,0.3333,0.3333,1.0,0.6667,0.0,,5.0,,1.333,0
19,0,3,298,at ipinasok sa,0.0,0.3333,1.0,0.3333,0.0,,4.0,,0.6667,0
19,0,3,299,ipinasok sa bodega,0.3333,0.3333,1.0,0.6667,0.0,,5.333,,1.667,0
19,0,3,300,sa bodega matapos,0.3333,0.3333,1.0,0.6667,0.0,,5.0,,2.0,0
19,0,3,301,bodega matapos magluto,0.3333,0.6667,1.0,1.0,0.0,,6.667,,3.0,0
19,0,3,302,matapos magluto tinawag,0.0,1.0,1.0,1.0,0.0,,7.0,,3.0,0
19,0,3,303,magluto tinawag na,0.0,0.6667,1.0,0.6667,0.0,,5.333,,2.333,0
19,0,3,304,tinawag na niya,0.0,0.3333,1.0,0.3333,0.0,,4.333,,1.667,0
19,0,3,305,na niya ang,0.0,0.0,1.0,0.0,0.0,,3.0,,1.0,0
19,0,3,306,niya ang kanyang,0.0,0.0,1.0,0.0,0.0,,4.667,,1.333,0
19,0,3,307,ang kanyang mga,0.0,0.0,1.0,0.0,0.0,,4.333,,1.333,0
19,0,3,308,kanyang mga anak,0.3333,0.0,1.0,0.3333,0.0,,4.667,,1.333,0
19,0,3,309,mga anak upang,0.3333,0.0,1.0,0.3333,0.0,,4.0,,1.333,0
19,0,3,310,anak upang kumain,0.3333,0.3333,1.0,0.6667,0.0,,5.0,,1.667,0
19,0,3,311,upang kumain ng,0.0,0.3333,1.0,0.3333,0.0,,4.333,,1.667,0
19,0,3,312,kumain ng meryenda,0.3333,0.3333,1.0,0.6667,0.0,,5.333,,1.667,0
19,0,3,313,ng meryenda nandito,0.3333,0.3333,1.0,0.6667,0.0,,5.667,,2.0,0
19,0,3,314,meryenda nandito na,0.3333,0.3333,1.0,0.6667,0.0,,5.667,,2.0,0
19,0,3,315,nandito na po,0.0,0.3333,1.0,0.6667,0.0,,3.667,,1.667,0
19,0,3,316,na po kami,0.0,0.0,1.0,0.3333,0.0,,2.667,,1.333,0
19,0,3,317,po kami Inay,0.3333,0.0,1.0,0.6667,0.0,,3.333,,1.333,0
19,0,3,318,kami Inay bungad,0.6667,0.0,1.0,0.6667,0.0,,4.667,,1.667,0
19,0,3,319,Inay bungad ni,0.6667,0.0,1.0,0.6667,0.0,,4.0,,1.333,0
19,0,3,320,bungad ni Maya,0.6667,0.0,1.0,0.6667,0.0,,4.0,,1.333,0
19,0,3,321,ni Maya binigyan,0.3333,0.3333,1.0,0.6667,0.0,,4.667,,1.333,0
19,0,3,322,Maya binigyan sila,0.3333,0.3333,1.0,0.6667,0.0,,5.333,,1.333,0
19,0,3,323,binigyan sila ng,0.0,0.3333,1.0,0.3333,0.0,,4.667,,1.333,0
19,0,3,324,sila ng tinapay,0.3333,0.0,1.0,0.3333,0.0,,4.333,,1.667,0
19,0,3,325,ng tinapay at,0.3333,0.0,1.0,0.3333,0.0,,3.667,,1.333,0
19,0,3,326,tinapay at juice,0.6667,0.0,1.0,0.6667,0.3333,,4.667,,1.667,0
19,0,3,327,at juice ni,0.3333,0.0,1.0,0.3333,0.3333,,3.0,,1.0,0
19,0,3,328,juice ni aling,0.3333,0.0,1.0,0.3333,0.3333,,4.0,,1.667,0
19,0,3,329,ni aling Memay,0.3333,0.0,1.0,0.3333,0.0,,4.0,,1.667,0
19,0,3,330,aling Memay salamat,0.3333,0.0,1.0,0.6667,0.0,,5.667,,2.0,0
19,0,3,331,Memay salamat po,0.3333,0.0,1.0,1.0,0.0,,4.667,,1.667,0
19,0,3,332,salamat po Inay,0.3333,0.0,1.0,1.0,0.0,,4.333,,1.333,0
19,0,3,333,po Inay nabusog,0.3333,0.3333,1.0,1.0,0.0,,4.333,,1.333,0
19,0,3,334,Inay nabusog po,0.3333,0.3333,1.0,1.0,0.0,,4.333,,1.333,0
19,0,3,335,nabusog po kami,0.0,0.3333,1.0,0.6667,0.0,,4.333,,1.667,0
19,0,3,336,po kami Sabay,0.3333,0.0,1.0,0.6667,0.0,,3.667,,1.333,0
19,0,3,337,kami Sabay sabi,0.3333,0.3333,1.0,0.6667,0.0,,4.333,,1.333,0
19,0,3,338,Sabay sabi nina,0.3333,0.3333,1.0,0.6667,0.0,,4.333,,1.333,0
19,0,3,339,sabi nina Kuya,0.3333,0.3333,1.0,0.6667,0.0,,4.0,,1.333,0
19,0,3,340,nina Kuya Miguel,0.6667,0.0,1.0,0.6667,0.0,,4.667,,1.667,0
19,0,3,341,Kuya Miguel Maya,1.0,0.0,1.0,1.0,0.0,,4.667,,1.333,0
19,0,3,342,Miguel Maya at,0.6667,0.0,1.0,0.6667,0.0,,4.0,,1.0,0
19,0,3,343,Maya at Marco,0.6667,0.0,1.0,0.6667,0.0,,3.667,,1.0,0
19,0,3,344,at Marco kinabukasan,0.3333,0.0,1.0,0.6667,0.0,,6.0,,2.0,1
19,0,3,345,Marco kinabukasan magandang,0.6667,0.0,1.0,1.0,0.0,,8.333,,3.333,2
19,0,3,346,kinabukasan magandang umaga,0.3333,0.0,1.0,1.0,0.0,,8.333,,3.333,2
19,0,3,347,magandang umaga Maya,0.6667,0.0,1.0,1.0,0.0,,6.0,,2.333,1
19,0,3,348,umaga Maya masayang,0.3333,0.0,1.0,1.0,0.0,,5.667,,1.667,0
19,0,3,349,Maya masayang bati,0.6667,0.0,1.0,1.0,0.0,,5.333,,1.667,0
19,0,3,350,masayang bati ng,0.3333,0.0,1.0,0.6667,0.0,,4.667,,1.667,0
19,0,3,351,bati ng kanyang,0.3333,0.0,1.0,0.3333,0.0,,4.333,,1.667,0
19,0,3,352,ng kanyang manika,0.3333,0.0,1.0,0.3333,0.0,,5.0,,2.0,0
19,0,3,353,kanyang manika magandang,0.6667,0.0,1.0,0.6667,0.0,,7.333,,3.0,1
19,0,3,354,manika magandang umaga,0.6667,0.0,1.0,1.0,0.0,,6.667,,3.0,1
19,0,3,355,magandang umaga naman,0.3333,0.0,1.0,1.0,0.0,,6.333,,2.667,1
19,0,3,356,umaga naman Meya,0.3333,0.0,1.0,1.0,0.0,,4.667,,1.667,0
19,0,3,357,naman Meya tugon,0.6667,0.0,1.0,1.0,0.0,,4.667,,1.667,0
19,0,3,358,Meya tugon ni,0.6667,0.0,1.0,0.6667,0.0,,3.667,,1.333,0
19,0,3,359,tugon ni Maya,0.6667,0.0,1.0,0.6667,0.0,,3.667,,1.333,0
19,0,3,360,ni Maya sa,0.3333,0.0,1.0,0.3333,0.0,,2.667,,0.6667,0
19,0,3,361,Maya sa kanyang,0.3333,0.0,1.0,0.3333,0.0,,4.333,,1.0,0
19,0,3,362,sa kanyang Manika,0.3333,0.0,1.0,0.3333,0.0,,5.0,,1.667,0
19,0,3,363,kanyang Manika Halika,0.6667,0.0,1.0,0.6667,0.0,,6.333,,2.667,0
19,0,3,364,Manika Halika maglaro,0.6667,0.3333,1.0,1.0,0.0,,6.333,,3.0,0
19,0,3,365,Halika maglaro tayo,0.3333,0.3333,1.0,0.6667,0.0,,5.667,,2.333,0
19,0,3,366,maglaro tayo ng,0.0,0.3333,1.0,0.3333,0.0,,4.333,,1.667,0
19,0,3,367,tayo ng tagu-taguan,0.3333,0.0,1.0,0.3333,0.0,,5.667,,2.0,1
19,0,3,368,ng tagu-taguan sambit,0.6667,0.0,1.0,0.6667,0.0,,6.333,,2.0,1
19,0,3,369,tagu-taguan sambit ni,0.6667,0.0,1.0,0.6667,0.0,,6.333,,2.0,1
19,0,3,370,sambit ni Meya,0.6667,0.0,1.0,0.6667,0.0,,4.0,,1.0,0
19,0,3,371,ni Meya Manika,0.6667,0.0,1.0,0.6667,0.0,,4.0,,1.667,0
19,0,3,372,Meya Manika isa,0.6667,0.0,1.0,0.6667,0.0,,4.333,,1.333,0
19,0,3,373,Manika isa dalawa,0.3333,0.0,1.0,0.3333,0.0,,5.0,,2.0,0
19,0,3,374,isa dalawa tatlo,0.0,0.0,1.0,0.0,0.0,,4.667,,1.667,0
19,0,3,375,dalawa tatlo magtago,0.0,0.3333,1.0,0.3333,0.0,,6.0,,2.667,0
19,0,3,376,tatlo magtago kana,0.0,0.3333,1.0,0.6667,0.0,,5.333,,2.333,0
19,0,3,377,magtago kana hinanap,0.0,0.6667,1.0,1.0,0.0,,6.0,,2.667,0
19,0,3,378,kana hinanap ni,0.0,0.3333,1.0,0.6667,0.0,,4.333,,2.0,0
19,0,3,379,hinanap ni Maya,0.3333,0.3333,1.0,0.6667,0.0,,4.333,,1.667,0
19,0,3,380,ni Maya si,0.3333,0.0,1.0,0.3333,0.0,,2.667,,0.6667,0
19,0,3,381,Maya si Meya,0.6667,0.0,1.0,0.6667,0.0,,3.333,,0.6667,0
19,0,3,382,si Meya Manika,0.6667,0.0,1.0,0.6667,0.0,,4.0,,1.333,0
19,0,3,383,Meya Manika sumilip,0.6667,0.3333,1.0,1.0,0.0,,5.667,,2.0,0
19,0,3,384,Manika sumilip sya,0.3333,0.3333,1.0,0.6667,0.0,,5.333,,1.667,0
19,0,3,385,sumilip sya sa,0.0,0.3333,1.0,0.3333,0.0,,4.0,,0.6667,0
19,0,3,386,sya sa ilalim,0.0,0.0,1.0,0.3333,0.0,,3.667,,0.6667,0
19,0,3,387,sa ilalim ng,0.0,0.0,1.0,0.3333,0.0,,3.333,,1.0,0
19,0,3,388,ilalim ng kama,0.3333,0.0,1.0,0.6667,0.0,,4.0,,1.667,0
19,0,3,389,ng kama Huli,0.6667,0.0,1.0,0.6667,0.0,,3.333,,1.667,0
19,0,3,390,kama Huli ka,0.6667,0.0,1.0,0.6667,0.0,,3.333,,1.667,0
19,0,3,391,Huli ka ngunit,0.3333,0.0,1.0,0.3333,0.0,,4.0,,1.667,0
19,0,3,392,ka ngunit walang,0.0,0.3333,1.0,0.3333,0.0,,4.667,,2.0,0
19,0,3,393,ngunit walang Meya,0.3333,0.3333,1.0,0.6667,0.0,,5.333,,2.0,0
19,0,3,394,walang Meya pumunta,0.3333,0.6667,1.0,1.0,0.0,,5.667,,2.333,0
19,0,3,395,Meya pumunta naman,0.3333,0.3333,1.0,1.0,0.0,,5.333,,2.0,0
19,0,3,396,pumunta naman siya,0.0,0.3333,1.0,0.6667,0.0,,5.333,,1.667,0
19,0,3,397,naman siya sa,0.0,0.0,1.0,0.3333,0.0,,3.667,,0.6667,0
19,0,3,398,siya sa kanang,0.0,0.0,1.0,0.3333,0.0,,4.0,,1.0,0
19,0,3,399,sa kanang parte,0.3333,0.0,1.0,0.6667,0.0,,4.333,,1.667,0
19,0,3,400,kanang parte ng,0.3333,0.0,1.0,0.6667,0.0,,4.333,,2.0,0
19,0,3,401,parte ng kanilang,0.3333,0.0,1.0,0.3333,0.0,,5.0,,2.333,1
19,0,3,402,ng kanilang bahay,0.3333,0.0,1.0,0.3333,0.0,,5.0,,2.333,1
19,0,3,403,kanilang bahay ang,0.3333,0.0,1.0,0.3333,0.0,,5.333,,2.333,1
19,0,3,404,bahay ang sala,0.6667,0.0,1.0,0.6667,0.0,,4.0,,1.333,0
19,0,3,405,ang sala tahimik,0.3333,0.0,1.0,0.6667,0.0,,4.667,,1.667,0
19,0,3,406,sala tahimik at,0.3333,0.0,1.0,0.6667,0.0,,4.333,,1.333,0
19,0,3,407,tahimik at wala,0.0,0.3333,1.0,0.6667,0.0,,4.333,,1.667,0
19,0,3,408,at wala parin,0.3333,0.3333,1.0,0.6667,0.0,,3.667,,1.333,0
19,0,3,409,wala parin si,0.3333,0.3333,1.0,0.6667,0.0,,3.667,,1.333,0
19,0,3,410,parin si Meya,0.6667,0.0,1.0,0.6667,0.0,,3.667,,1.0,0
19,0,3,411,si Meya Aaaaahhh,0.6667,0.0,1.0,0.6667,0.0,,4.667,,0.3333,0
19,0,3,412,Meya Aaaaahhh alam,0.6667,0.3333,1.0,1.0,0.0,,5.333,,0.6667,0
19,0,3,413,Aaaaahhh alam ko,0.3333,0.3333,1.0,0.6667,0.0,,4.667,,0.6667,0
19,0,3,414,alam ko na,0.0,0.3333,1.0,0.3333,0.0,,2.667,,1.0,0
19,0,3,415,ko na tinungo,0.0,0.3333,1.0,0.3333,0.0,,3.667,,1.667,0
19,0,3,416,na tinungo ni,0.0,0.3333,1.0,0.3333,0.0,,3.667,,1.667,0
19,0,3,417,tinungo ni Maya,0.3333,0.3333,1.0,0.6667,0.0,,4.333,,1.667,0
19,0,3,418,ni Maya ang,0.3333,0.0,1.0,0.3333,0.0,,3.0,,1.0,0
19,0,3,419,Maya ang silid,0.6667,0.0,1.0,0.6667,0.0,,4.0,,1.0,0
19,0,3,420,ang silid nila,0.3333,0.0,1.0,0.3333,0.0,,4.0,,1.333,0
19,0,3,421,silid nila dahan-dahan,0.3333,0.0,1.0,0.6667,0.0,,6.667,,2.333,1
19,0,3,422,nila dahan-dahan niyang,0.0,0.0,1.0,0.3333,0.0,,7.0,,2.667,1
19,0,3,423,dahan-dahan niyang binuksan,0.0,0.3333,1.0,0.6667,0.0,,8.333,,2.667,1
19,0,3,424,niyang binuksan ang,0.0,0.3333,1.0,0.3333,0.0,,5.667,,1.667,0
19,0,3,425,binuksan ang pinto,0.3333,0.3333,1.0,0.6667,0.0,,5.333,,1.667,0
19,0,3,426,ang pinto Meya,0.6667,0.0,1.0,0.6667,0.0,,4.0,,1.333,0
19,0,3,427,pinto Meya Meya,1.0,0.0,0.6667,1.0,0.0,,4.333,,1.333,0
19,0,3,428,Meya Meya nasaan,0.6667,0.0,0.6667,1.0,0.0,,4.667,,1.0,0
19,0,3,429,Meya nasaan ka,0.3333,0.0,1.0,0.6667,0.0,,4.0,,1.0,0
19,0,3,430,nasaan ka Mahuhuli,0.3333,0.0,1.0,0.6667,0.0,,5.333,,2.0,1
19,0,3,431,ka Mahuhuli na,0.3333,0.0,1.0,0.3333,0.0,,4.0,,2.0,1
19,0,3,432,Mahuhuli na kita,0.6667,0.0,1.0,0.6667,0.0,,4.667,,2.333,1
19,0,3,433,na kita malumanay,0.3333,0.0,1.0,0.6667,0.0,,5.0,,2.333,1
19,0,3,434,kita malumanay na,0.3333,0.0,1.0,0.6667,0.0,,5.0,,2.333,1
19,0,3,435,malumanay na sambit,0.3333,0.0,1.0,0.6667,0.0,,5.667,,2.0,1
19,0,3,436,na sambit ni,0.3333,0.0,1.0,0.3333,0.0,,3.333,,1.0,0
19,0,3,437,sambit ni Maya,0.6667,0.0,1.0,0.6667,0.0,,4.0,,1.0,0
19,0,3,438,ni Maya subalit,0.3333,0.0,1.0,0.3333,0.0,,4.333,,1.333,0
19,0,3,439,Maya subalit wala,0.3333,0.3333,1.0,0.6667,0.0,,5.0,,1.667,0
19,0,3,440,subalit wala paring,0.3333,0.3333,1.0,0.6667,0.0,,5.667,,2.333,0
19,0,3,441,wala paring Meya,0.6667,0.3333,1.0,1.0,0.0,,4.667,,2.0,0
19,0,3,442,paring Meya Manika,1.0,0.0,1.0,1.0,0.0,,5.333,,2.333,0
19,0,3,443,Meya Manika Naku,1.0,0.0,1.0,1.0,0.0,,4.667,,2.0,0
19,0,3,444,Manika Naku saan,0.6667,0.0,1.0,0.6667,0.0,,4.667,,1.667,0
19,0,3,445,Naku saan kaya,0.3333,0.0,1.0,0.3333,0.0,,4.0,,1.0,0
19,0,3,446,saan kaya siya,0.0,0.0,1.0,0.0,0.0,,4.0,,0.3333,0
19,0,3,447,kaya siya nagtago,0.0,0.3333,1.0,0.3333,0.0,,5.0,,1.333,0
19,0,3,448,siya nagtago lumabas,0.0,0.6667,1.0,0.6667,0.0,,6.0,,2.0,0
19,0,3,449,nagtago lumabas ito,0.0,0.6667,1.0,0.6667,0.0,,5.667,,2.333,0
19,0,3,450,lumabas ito ng,0.0,0.3333,1.0,0.3333,0.0,,4.0,,1.667,0
19,0,3,451,ito ng bahay,0.3333,0.0,1.0,0.3333,0.0,,3.333,,1.333,0
19,0,3,452,ng bahay tiningnan,0.3333,0.3333,1.0,0.6667,0.0,,5.333,,2.333,1
19,0,3,453,bahay tiningnan sa,0.3333,0.3333,1.0,0.6667,0.0,,5.333,,2.0,1
19,0,3,454,tiningnan sa likod,0.3333,0.3333,1.0,0.6667,0.0,,5.333,,2.0,1
19,0,3,455,sa likod ng,0.3333,0.0,1.0,0.3333,0.0,,3.0,,1.0,0
19,0,3,456,likod ng kanilang,0.3333,0.0,1.0,0.3333,0.0,,5.0,,2.333,1
19,0,3,457,ng kanilang bahay,0.3333,0.0,1.0,0.3333,0.0,,5.0,,2.333,1
19,0,3,458,kanilang bahay sa,0.3333,0.0,1.0,0.3333,0.0,,5.0,,2.0,1
19,0,3,459,bahay sa ilalim,0.3333,0.0,1.0,0.6667,0.0,,4.333,,1.333,0
19,0,3,460,sa ilalim ng,0.0,0.0,1.0,0.3333,0.0,,3.333,,1.0,0
19,0,3,461,ilalim ng mga,0.0,0.0,1.0,0.3333,0.0,,3.667,,1.333,0
19,0,3,462,ng mga tanim,0.3333,0.0,1.0,0.3333,0.0,,3.333,,1.333,0
19,0,3,463,mga tanim gayon,0.3333,0.0,1.0,0.3333,0.0,,4.333,,1.333,0
19,0,3,464,tanim gayon paman,0.3333,0.0,1.0,0.6667,0.0,,5.0,,1.667,0
19,0,3,465,gayon paman wala,0.0,0.3333,1.0,0.6667,0.0,,4.667,,1.667,0
19,0,3,466,paman wala paring,0.3333,0.3333,1.0,1.0,0.0,,5.0,,2.333,0
19,0,3,467,wala paring Meya,0.6667,0.3333,1.0,1.0,0.0,,4.667,,2.0,0
19,0,3,468,paring Meya Manika,1.0,0.0,1.0,1.0,0.0,,5.333,,2.333,0
19,0,3,469,Meya Manika nagsimula,0.6667,0.3333,1.0,1.0,0.0,,6.333,,2.333,0
19,0,3,470,Manika nagsimula na,0.3333,0.3333,1.0,0.6667,0.0,,5.667,,2.333,0
19,0,3,471,nagsimula na siyang,0.0,0.3333,1.0,0.3333,0.0,,5.667,,1.667,0
19,0,3,472,na siyang mag-alala,0.0,0.3333,1.0,0.3333,0.0,,5.667,,1.667,0
19,0,3,473,siyang mag-alala Nasaan,0.3333,0.3333,1.0,0.6667,0.0,,7.0,,1.667,0
19,0,3,474,mag-alala Nasaan kana,0.3333,0.3333,1.0,1.0,0.0,,6.333,,2.0,0
19,0,3,475,Nasaan kana Meya,0.6667,0.0,1.0,1.0,0.0,,4.667,,1.333,0
19,0,3,476,kana Meya lumabas,0.3333,0.3333,1.0,1.0,0.0,,5.0,,2.0,0
19,0,3,477,Meya lumabas kana,0.3333,0.3333,1.0,1.0,0.0,,5.0,,2.0,0
19,0,3,478,lumabas kana Paiyak,0.3333,0.3333,1.0,1.0,0.0,,5.667,,2.0,0
19,0,3,479,kana Paiyak na,0.3333,0.0,1.0,0.6667,0.0,,4.0,,1.333,0
19,0,3,480,Paiyak na sambit,0.6667,0.0,1.0,0.6667,0.0,,4.667,,1.0,0
19,0,3,481,na sambit ni,0.3333,0.0,1.0,0.3333,0.0,,3.333,,1.0,0
19,0,3,482,sambit ni Maya,0.6667,0.0,1.0,0.6667,0.0,,4.0,,1.0,0
19,0,3,483,ni Maya Inay,0.6667,0.0,1.0,0.6667,0.0,,3.333,,1.0,0
19,0,3,484,Maya Inay Itay,1.0,0.0,1.0,1.0,0.0,,4.0,,1.0,0
19,0,3,485,Inay Itay nawawala,0.6667,0.3333,1.0,1.0,0.0,,5.333,,2.0,1
19,0,3,486,Itay nawawala po,0.3333,0.3333,1.0,1.0,0.0,,4.667,,2.0,1
19,0,3,487,nawawala po si,0.0,0.3333,1.0,0.6667,0.0,,4.0,,1.667,1
19,0,3,488,po si Meya,0.3333,0.0,1.0,0.6667,0.0,,2.667,,0.6667,0
19,0,3,489,si Meya paanong,0.6667,0.0,1.0,0.6667,0.0,,4.333,,1.333,0
19,0,3,490,Meya paanong nawala,0.6667,0.3333,1.0,1.0,0.0,,5.667,,2.333,0
19,0,3,491,paanong nawala tanong,0.6667,0.3333,1.0,1.0,0.0,,6.333,,3.0,0
19,0,3,492,nawala tanong ni,0.3333,0.3333,1.0,0.6667,0.0,,4.667,,2.333,0
19,0,3,493,tanong ni Mang,0.6667,0.0,1.0,0.6667,0.0,,4.0,,2.0,0
19,0,3,494,ni Mang Mando,0.6667,0.0,1.0,0.6667,0.0,,3.667,,1.667,0
19,0,3,495,Mang Mando naglalaro,0.6667,0.3333,1.0,1.0,0.0,,6.0,,2.667,1
19,0,3,496,Mando naglalaro lang,0.3333,0.3333,1.0,1.0,0.0,,6.0,,2.667,1
19,0,3,497,naglalaro lang po,0.0,0.3333,1.0,1.0,0.0,,5.0,,2.333,1
19,0,3,498,lang po kami,0.0,0.0,1.0,0.6667,0.0,,3.333,,1.667,0
19,0,3,499,po kami ng,0.0,0.0,1.0,0.3333,0.0,,2.667,,1.333,0
19,0,3,500,kami ng tagu-taguan,0.3333,0.0,1.0,0.3333,0.0,,5.667,,2.333,1
19,0,3,501,ng tagu-taguan kanina,0.3333,0.0,1.0,0.6667,0.0,,6.333,,2.667,1
19,0,3,502,tagu-taguan kanina ko,0.3333,0.0,1.0,0.6667,0.0,,6.333,,2.667,1
19,0,3,503,kanina ko pa,0.0,0.0,1.0,0.6667,0.0,,3.333,,1.667,0
19,0,3,504,ko pa po,0.0,0.0,1.0,0.6667,0.0,,2.0,,1.0,0
19,0,3,505,pa po siya,0.0,0.0,1.0,0.6667,0.0,,2.667,,0.6667,0
19,0,3,506,po siya hinahanap,0.0,0.3333,1.0,0.6667,0.0,,5.0,,1.667,1
19,0,3,507,siya hinahanap pero,0.0,0.3333,1.0,0.3333,0.0,,5.667,,2.0,1
19,0,3,508,hinahanap pero hindi,0.0,0.3333,1.0,0.6667,0.0,,6.0,,2.667,1
19,0,3,509,pero hindi ko,0.0,0.0,1.0,0.3333,0.0,,3.667,,1.667,0
19,0,3,510,hindi ko siya,0.0,0.0,1.0,0.3333,0.0,,3.667,,1.0,0
19,0,3,511,ko siya mahanap,0.0,0.3333,1.0,0.3333,0.0,,4.333,,1.333,0
19,0,3,512,siya mahanap malungkot,0.0,0.3333,1.0,0.6667,0.0,,6.667,,2.333,1
19,0,3,513,mahanap malungkot na,0.0,0.3333,1.0,0.6667,0.0,,6.0,,2.667,1
19,0,3,514,malungkot na sagot,0.3333,0.0,1.0,0.6667,0.0,,5.333,,2.0,1
19,0,3,515,na sagot ni,0.3333,0.0,1.0,0.3333,0.0,,3.0,,1.0,0
19,0,3,516,sagot ni Maya,0.6667,0.0,1.0,0.6667,0.0,,3.667,,1.0,0
19,0,3,517,ni Maya Huhuhuhu,0.6667,0.0,1.0,0.6667,0.0,,4.667,,2.0,1
19,0,3,518,Maya Huhuhuhu tulungan,0.6667,0.3333,1.0,1.0,0.0,,6.667,,2.667,1
19,0,3,519,Huhuhuhu tulungan po,0.3333,0.3333,1.0,1.0,0.0,,6.0,,2.667,1
19,0,3,520,tulungan po ninyo,0.0,0.3333,1.0,0.6667,0.0,,5.0,,1.667,0
19,0,3,521,po ninyo ako,0.0,0.0,1.0,0.3333,0.0,,3.333,,1.0,0
19,0,3,522,ninyo ako hanapin,0.0,0.3333,1.0,0.3333,0.0,,5.0,,1.667,0
19,0,3,523,ako hanapin natin,0.0,0.3333,1.0,0.3333,0.0,,5.0,,2.0,0
19,0,3,524,hanapin natin si,0.0,0.3333,1.0,0.3333,0.0,,4.667,,1.667,0
19,0,3,525,natin si Meya,0.3333,0.0,1.0,0.3333,0.0,,3.667,,1.0,0
19,0,3,526,si Meya Iyak,0.6667,0.0,1.0,0.6667,0.0,,3.333,,0.3333,0
19,0,3,527,Meya Iyak nang,0.6667,0.0,1.0,1.0,0.0,,4.0,,1.0,0
19,0,3,528,Iyak nang iyak,0.6667,0.0,1.0,1.0,0.0,,4.0,,0.6667,0
19,0,3,529,nang iyak si,0.3333,0.0,1.0,0.6667,0.0,,3.333,,0.6667,0
19,0,3,530,iyak si Maya,0.6667,0.0,1.0,0.6667,0.0,,3.333,,0.3333,0
19,0,3,531,si Maya lumapit,0.3333,0.3333,1.0,0.6667,0.0,,4.333,,1.333,0
19,0,3,532,Maya lumapit na,0.3333,0.3333,1.0,0.6667,0.0,,4.333,,1.667,0
19,0,3,533,lumapit na rin,0.0,0.3333,1.0,0.6667,0.0,,4.0,,1.667,0
19,0,3,534,na rin ang,0.0,0.0,1.0,0.3333,0.0,,2.667,,1.0,0
19,0,3,535,rin ang kanyang,0.0,0.0,1.0,0.3333,0.0,,4.333,,1.333,0
19,0,3,536,ang kanyang Kuya,0.3333,0.0,1.0,0.3333,0.0,,4.667,,1.333,0
19,0,3,537,kanyang Kuya Miguel,0.6667,0.0,1.0,0.6667,0.0,,5.667,,1.667,0
19,0,3,538,Kuya Miguel at,0.6667,0.0,1.0,0.6667,0.0,,4.0,,1.0,0
19,0,3,539,Miguel at bunsong,0.3333,0.0,1.0,0.6667,0.0,,5.0,,1.333,0
19,0,3,540,at bunsong kapatid,0.3333,0.0,1.0,0.6667,0.0,,5.333,,1.667,0
19,0,3,541,bunsong kapatid na,0.3333,0.0,1.0,0.6667,0.0,,5.333,,2.0,0
19,0,3,542,kapatid na si,0.3333,0.0,1.0,0.3333,0.0,,3.667,,1.333,0
19,0,3,543,na si Marco,0.3333,0.0,1.0,0.3333,0.0,,3.0,,1.0,0
19,0,3,544,si Marco huwag,0.3333,0.0,1.0,0.6667,0.0,,4.0,,1.333,0
19,0,3,545,Marco huwag ka,0.3333,0.0,1.0,0.6667,0.0,,4.0,,1.667,0
19,0,3,546,huwag ka nang,0.0,0.0,1.0,0.6667,0.0,,3.667,,1.667,0
19,0,3,547,ka nang umiyak,0.0,0.3333,1.0,0.6667,0.0,,4.0,,1.333,0
19,0,3,548,nang umiyak Maya,0.3333,0.3333,1.0,1.0,0.0,,4.667,,1.333,0
19,0,3,549,umiyak Maya tutulungan,0.3333,0.6667,1.0,1.0,0.0,,6.667,,2.0,1
19,0,3,550,Maya tutulungan ka,0.3333,0.3333,1.0,0.6667,0.0,,5.333,,2.0,1
19,0,3,551,tutulungan ka naming,0.0,0.3333,1.0,0.3333,0.0,,6.0,,2.667,1
19,0,3,552,ka naming nagmungkahi,0.0,0.3333,1.0,0.3333,0.0,,6.333,,3.0,1
19,0,3,553,naming nagmungkahi ang,0.0,0.3333,1.0,0.3333,0.0,,6.667,,3.0,1
19,0,3,554,nagmungkahi ang kanyang,0.0,0.3333,1.0,0.3333,0.0,,7.0,,2.667,1
19,0,3,555,ang kanyang Inay,0.3333,0.0,1.0,0.3333,0.0,,4.667,,1.333,0
19,0,3,556,kanyang Inay na,0.3333,0.0,1.0,0.3333,0.0,,4.333,,1.333,0
19,0,3,557,Inay na si,0.3333,0.0,1.0,0.3333,0.0,,2.667,,0.6667,0
19,0,3,558,na si aling,0.0,0.0,1.0,0.0,0.0,,3.0,,1.0,0
19,0,3,559,si aling Memay,0.3333,0.0,1.0,0.3333,0.0,,4.0,,1.333,0
19,0,3,560,aling Memay na,0.3333,0.0,1.0,0.3333,0.0,,4.0,,1.667,0
19,0,3,561,Memay na mag,0.3333,0.3333,1.0,0.6667,0.0,,3.333,,1.333,0
19,0,3,562,na mag imprinta,0.3333,0.3333,1.0,0.6667,0.0,,4.333,,1.333,0
19,0,3,563,mag imprinta sila,0.3333,0.3333,1.0,0.6667,0.0,,5.0,,1.333,0
19,0,3,564,imprinta sila ng,0.3333,0.0,1.0,0.3333,0.0,,4.667,,1.333,0
19,0,3,565,sila ng larawan,0.3333,0.0,1.0,0.3333,0.0,,4.333,,1.667,0
19,0,3,566,ng larawan ni,0.3333,0.0,1.0,0.3333,0.0,,3.667,,1.667,0
19,0,3,567,larawan ni Meya,0.6667,0.0,1.0,0.6667,0.0,,4.333,,1.667,0
19,0,3,568,ni Meya Manika,0.6667,0.0,1.0,0.6667,0.0,,4.0,,1.667,0
19,0,3,569,Meya Manika ipaskil,0.6667,0.3333,1.0,1.0,0.0,,5.667,,2.0,0
19,0,3,570,Manika ipaskil sa,0.3333,0.3333,1.0,0.6667,0.0,,5.0,,1.667,0
19,0,3,571,ipaskil sa labas,0.0,0.3333,1.0,0.6667,0.0,,4.667,,1.333,0
19,0,3,572,sa labas ng,0.0,0.0,1.0,0.3333,0.0,,3.0,,1.0,0
19,0,3,573,labas ng kanilang,0.0,0.0,1.0,0.3333,0.0,,5.0,,2.333,1
19,0,3,574,ng kanilang bahay,0.3333,0.0,1.0,0.3333,0.0,,5.0,,2.333,1
19,0,3,575,kanilang bahay at,0.3333,0.0,1.0,0.3333,0.0,,5.0,,2.0,1
19,0,3,576,bahay at sa,0.3333,0.0,1.0,0.3333,0.0,,3.0,,0.6667,0
19,0,3,577,at sa kanilang,0.0,0.0,1.0,0.0,0.0,,4.0,,1.333,1
19,0,3,578,sa kanilang plasa,0.3333,0.0,1.0,0.3333,0.0,,5.0,,1.667,1
19,0,3,579,kanilang plasa Heto,0.6667,0.0,1.0,0.6667,0.0,,5.667,,2.333,1
19,0,3,580,plasa Heto na,0.6667,0.0,1.0,0.6667,0.0,,3.667,,1.333,0
19,0,3,581,Heto na ang,0.3333,0.0,1.0,0.3333,0.0,,3.0,,1.333,0
19,0,3,582,na ang larawan,0.3333,0.0,1.0,0.3333,0.0,,4.0,,1.667,0
19,0,3,583,ang larawan ni,0.3333,0.0,1.0,0.3333,0.0,,4.0,,1.667,0
19,0,3,584,larawan ni Meya,0.6667,0.0,1.0,0.6667,0.0,,4.333,,1.667,0
19,0,3,585,ni Meya idikit,0.3333,0.3333,1.0,0.6667,0.0,,4.0,,1.333,0
19,0,3,586,Meya idikit natin,0.3333,0.3333,1.0,0.6667,0.0,,5.0,,1.667,0
19,0,3,587,idikit natin sa,0.0,0.3333,1.0,0.3333,0.0,,4.333,,1.333,0
19,0,3,588,natin sa labas,0.0,0.0,1.0,0.3333,0.0,,4.0,,1.333,0
19,0,3,589,sa labas ang,0.0,0.0,1.0,0.3333,0.0,,3.333,,1.0,0
19,0,3,590,labas ang wika,0.3333,0.0,1.0,0.6667,0.0,,4.0,,1.667,0
19,0,3,591,ang wika ni,0.3333,0.0,1.0,0.3333,0.0,,3.0,,1.333,0
19,0,3,592,wika ni aling,0.3333,0.0,1.0,0.3333,0.0,,3.667,,1.667,0
19,0,3,593,ni aling Memay,0.3333,0.0,1.0,0.3333,0.0,,4.0,,1.667,0
19,0,3,594,aling Memay subalit,0.3333,0.0,1.0,0.3333,0.0,,5.667,,2.0,0
19,0,3,595,Memay subalit hindi,0.3333,0.0,1.0,0.6667,0.0,,5.667,,2.0,0
19,0,3,596,subalit hindi pa,0.0,0.0,1.0,0.6667,0.0,,4.667,,1.667,0
19,0,3,597,hindi pa rin,0.0,0.0,1.0,1.0,0.0,,3.333,,1.333,0
19,0,3,598,pa rin nila,0.0,0.0,1.0,0.6667,0.0,,3.0,,1.333,0
19,0,3,599,rin nila nahanap,0.0,0.3333,1.0,0.6667,0.0,,4.667,,2.0,0
19,0,3,600,nila nahanap si,0.0,0.3333,1.0,0.3333,0.0,,4.333,,1.667,0
19,0,3,601,nahanap si Memay,0.3333,0.3333,1.0,0.6667,0.0,,4.667,,1.667,0
19,0,3,602,si Memay Iyak,0.6667,0.0,1.0,0.6667,0.0,,3.667,,0.6667,0
19,0,3,603,Memay Iyak nang,0.6667,0.0,1.0,1.0,0.0,,4.333,,1.333,0
19,0,3,604,Iyak nang iyak,0.6667,0.0,1.0,1.0,0.0,,4.0,,0.6667,0
19,0,3,605,nang iyak parin,0.6667,0.0,1.0,1.0,0.0,,4.333,,1.333,0
19,0,3,606,iyak parin si,0.6667,0.0,1.0,0.6667,0.0,,3.667,,0.6667,0
19,0,3,607,parin si Maya,0.6667,0.0,1.0,0.6667,0.0,,3.667,,1.0,0
19,0,3,608,si Maya Maya,0.6667,0.0,0.6667,0.6667,0.0,,3.333,,0.6667,0
19,0,3,609,Maya Maya Maya,1.0,0.0,0.3333,1.0,0.0,,4.0,,1.0,0
19,0,3,610,Maya Maya gumising,0.6667,0.3333,0.6667,1.0,0.0,,5.333,,1.667,0
19,0,3,611,Maya gumising ka,0.3333,0.3333,1.0,0.6667,0.0,,4.667,,1.667,0
19,0,3,612,gumising ka nananaginip,0.0,0.6667,1.0,0.6667,0.0,,7.0,,3.0,1
19,0,3,613,ka nananaginip ka,0.0,0.3333,0.6667,0.3333,0.0,,5.0,,2.333,1
19,0,3,614,nananaginip ka bakit,0.0,0.3333,1.0,0.3333,0.0,,6.0,,2.667,1
19,0,3,615,ka bakit kaba,0.3333,0.0,1.0,0.3333,0.0,,3.667,,1.667,0
19,0,3,616,bakit kaba umiiyak,0.3333,0.3333,1.0,0.6667,0.0,,5.333,,1.667,0
19,0,3,617,kaba umiiyak Inay,0.6667,0.3333,1.0,1.0,0.0,,5.0,,1.333,0
19,0,3,618,umiiyak Inay nawawala,0.3333,0.6667,1.0,1.0,0.0,,6.333,,2.0,1
19,0,3,619,Inay nawawala po,0.3333,0.3333,1.0,1.0,0.0,,4.667,,2.0,1
19,0,3,620,nawawala po si,0.0,0.3333,1.0,0.6667,0.0,,4.0,,1.667,1
19,0,3,621,po si Meya,0.3333,0.0,1.0,0.6667,0.0,,2.667,,0.6667,0
19,0,3,622,si Meya ang,0.3333,0.0,1.0,0.3333,0.0,,3.0,,0.6667,0
19,0,3,623,Meya ang malungkot,0.3333,0.0,1.0,0.6667,0.0,,5.333,,2.0,1
19,0,3,624,ang malungkot na,0.0,0.0,1.0,0.3333,0.0,,4.667,,2.0,1
19,0,3,625,malungkot na sagot,0.3333,0.0,1.0,0.6667,0.0,,5.333,,2.0,1
19,0,3,626,na sagot ni,0.3333,0.0,1.0,0.3333,0.0,,3.0,,1.0,0
19,0,3,627,sagot ni Maya,0.6667,0.0,1.0,0.6667,0.0,,3.667,,1.0,0
19,0,3,628,ni Maya saan,0.3333,0.0,1.0,0.3333,0.0,,3.333,,0.6667,0
19,0,3,629,Maya saan mo,0.3333,0.0,1.0,0.3333,0.0,,3.333,,0.6667,0
19,0,3,630,saan mo ba,0.0,0.0,1.0,0.3333,0.0,,2.667,,0.6667,0
19,0,3,631,mo ba iniwan,0.0,0.3333,1.0,0.6667,0.0,,3.333,,1.333,0
19,0,3,632,ba iniwan ang,0.0,0.3333,1.0,0.6667,0.0,,3.667,,1.333,0
19,0,3,633,iniwan ang iyong,0.0,0.3333,1.0,0.3333,0.0,,4.667,,1.333,0
19,0,3,634,ang iyong manika,0.3333,0.0,1.0,0.3333,0.0,,4.667,,1.667,0
19,0,3,635,iyong manika tanong,0.6667,0.0,1.0,0.6667,0.0,,5.667,,2.333,0
19,0,3,636,manika tanong naman,0.6667,0.0,1.0,1.0,0.0,,5.667,,2.667,0
19,0,3,637,tanong naman ni,0.3333,0.0,1.0,0.6667,0.0,,4.333,,2.0,0
19,0,3,638,naman ni aling,0.0,0.0,1.0,0.3333,0.0,,4.0,,1.667,0
19,0,3,639,ni aling Nena,0.3333,0.0,1.0,0.3333,0.0,,3.667,,1.667,0
19,0,3,640,aling Nena hindi,0.3333,0.0,1.0,0.6667,0.0,,4.667,,2.0,0
19,0,3,641,Nena hindi ko,0.3333,0.0,1.0,0.6667,0.0,,3.667,,1.667,0
19,0,3,642,hindi ko po,0.0,0.0,1.0,0.6667,0.0,,3.0,,1.333,0
19,0,3,643,ko po alam,0.0,0.3333,1.0,0.6667,0.0,,2.667,,1.0,0
19,0,3,644,po alam Inay,0.3333,0.3333,1.0,1.0,0.0,,3.333,,1.0,0
19,0,3,645,alam Inay dali-daling,0.3333,0.3333,1.0,1.0,0.0,,6.333,,2.333,1
19,0,3,646,Inay dali-daling bumangon,0.3333,0.3333,1.0,1.0,0.0,,7.667,,3.0,1
19,0,3,647,dali-daling bumangon si,0.0,0.3333,1.0,0.6667,0.0,,7.0,,2.667,1
19,0,3,648,bumangon si Maya,0.3333,0.3333,1.0,0.6667,0.0,,4.667,,1.333,0
19,0,3,649,si Maya lumabas,0.3333,0.3333,1.0,0.6667,0.0,,4.333,,1.333,0
19,0,3,650,Maya lumabas ng,0.3333,0.3333,1.0,0.6667,0.0,,4.333,,1.667,0
19,0,3,651,lumabas ng kanyang,0.0,0.3333,1.0,0.3333,0.0,,5.333,,2.0,0
19,0,3,652,ng kanyang silid,0.3333,0.0,1.0,0.3333,0.0,,4.667,,1.333,0
19,0,3,653,kanyang silid at,0.3333,0.0,1.0,0.3333,0.0,,4.667,,1.0,0
19,0,3,654,silid at hinanap,0.3333,0.3333,1.0,0.6667,0.0,,4.667,,1.333,0
19,0,3,655,at hinanap si,0.0,0.3333,1.0,0.3333,0.0,,3.667,,1.0,0
19,0,3,656,hinanap si Maya,0.3333,0.3333,1.0,0.6667,0.0,,4.333,,1.333,0
19,0,3,657,si Maya pumunta,0.3333,0.3333,1.0,0.6667,0.0,,4.333,,1.333,0
19,0,3,658,Maya pumunta siya,0.3333,0.3333,1.0,0.6667,0.0,,5.0,,1.333,0
19,0,3,659,pumunta siya sa,0.0,0.3333,1.0,0.3333,0.0,,4.333,,1.0,0
19,0,3,660,siya sa sala,0.3333,0.0,1.0,0.3333,0.0,,3.333,,0.3333,0
19,0,3,661,sa sala sa,0.3333,0.0,0.6667,0.3333,0.0,,2.667,,0.3333,0
19,0,3,662,sala sa kusina,0.6667,0.0,1.0,0.6667,0.0,,4.0,,1.0,0
19,0,3,663,sa kusina sa,0.3333,0.0,0.6667,0.3333,0.0,,3.333,,0.6667,0
19,0,3,664,kusina sa banyo,0.6667,0.0,1.0,0.6667,0.0,,4.333,,1.0,0
19,0,3,665,sa banyo at,0.3333,0.0,1.0,0.3333,0.0,,3.0,,0.3333,0
19,0,3,666,banyo at sa,0.3333,0.0,1.0,0.3333,0.0,,3.0,,0.3333,0
19,0,3,667,at sa bahaging,0.3333,0.0,1.0,0.3333,0.0,,4.0,,1.333,1
19,0,3,668,sa bahaging likuran,0.3333,0.0,1.0,0.6667,0.0,,5.667,,2.333,1
19,0,3,669,bahaging likuran ng,0.3333,0.0,1.0,0.6667,0.0,,5.667,,2.667,1
19,0,3,670,likuran ng kanilang,0.0,0.0,1.0,0.3333,0.0,,5.667,,2.667,1
19,0,3,671,ng kanilang bahay,0.3333,0.0,1.0,0.3333,0.0,,5.0,,2.333,1
19,0,3,672,kanilang bahay subalit,0.3333,0.0,1.0,0.3333,0.0,,6.667,,2.667,1
19,0,3,673,bahay subalit wala,0.3333,0.3333,1.0,0.6667,0.0,,5.333,,2.0,0
19,0,3,674,subalit wala talaga,0.0,0.3333,1.0,0.6667,0.0,,5.667,,2.333,0
19,0,3,675,wala talaga si,0.0,0.3333,1.0,0.6667,0.0,,4.0,,1.667,0
19,0,3,676,talaga si Meya,0.3333,0.0,1.0,0.6667,0.0,,4.0,,1.333,0
19,0,3,677,si Meya Manika,0.6667,0.0,1.0,0.6667,0.0,,4.0,,1.333,0
19,0,3,678,Meya Manika Isipin,1.0,0.0,1.0,1.0,0.0,,5.333,,1.667,0
19,0,3,679,Manika Isipin mo,0.6667,0.0,1.0,0.6667,0.0,,4.667,,1.667,0
19,0,3,680,Isipin mo nang,0.3333,0.0,1.0,0.6667,0.0,,4.0,,1.333,0
19,0,3,681,mo nang mabuti,0.0,0.0,1.0,0.6667,0.0,,4.0,,2.0,0
19,0,3,682,nang mabuti Maya,0.3333,0.0,1.0,1.0,0.0,,4.667,,2.0,0
19,0,3,683,mabuti Maya saan,0.3333,0.0,1.0,0.6667,0.0,,4.667,,1.333,0
19,0,3,684,Maya saan ka,0.3333,0.0,1.0,0.3333,0.0,,3.333,,0.6667,0
19,0,3,685,saan ka huling,0.0,0.0,1.0,0.3333,0.0,,4.0,,1.333,0
19,0,3,686,ka huling naglaro,0.0,0.3333,1.0,0.6667,0.0,,5.0,,2.333,0
19,0,3,687,huling naglaro ng,0.0,0.3333,1.0,0.6667,0.0,,5.0,,2.333,0
19,0,3,688,naglaro ng iyong,0.0,0.3333,1.0,0.3333,0.0,,4.667,,1.667,0
19,0,3,689,ng iyong manika,0.3333,0.0,1.0,0.3333,0.0,,4.333,,1.667,0
19,0,3,690,iyong manika Tanong,0.6667,0.0,1.0,0.6667,0.0,,5.667,,2.333,0
19,0,3,691,manika Tanong muli,0.6667,0.0,1.0,1.0,0.0,,5.333,,2.667,0
19,0,3,692,Tanong muli ni,0.3333,0.0,1.0,0.6667,0.0,,4.0,,2.0,0
19,0,3,693,muli ni aling,0.0,0.0,1.0,0.3333,0.0,,3.667,,1.667,0
19,0,3,694,ni aling Memay,0.3333,0.0,1.0,0.3333,0.0,,4.0,,1.667,0
19,0,3,695,aling Memay Kahapon,0.6667,0.0,1.0,0.6667,0.0,,5.667,,2.333,0
19,0,3,696,Memay Kahapon po,0.6667,0.0,1.0,1.0,0.0,,4.667,,2.0,0
19,0,3,697,Kahapon po dito,0.3333,0.0,1.0,0.6667,0.0,,4.333,,2.0,0
19,0,3,698,po dito sa,0.0,0.0,1.0,0.3333,0.0,,2.667,,1.0,0
19,0,3,699,dito sa loob,0.3333,0.0,1.0,0.3333,0.0,,3.333,,1.0,0
19,0,3,700,sa loob ng,0.3333,0.0,1.0,0.3333,0.0,,2.667,,0.6667,0
19,0,3,701,loob ng bahay,0.6667,0.0,1.0,0.6667,0.0,,3.667,,1.333,0
19,0,3,702,ng bahay Miguel,0.6667,0.0,1.0,0.6667,0.0,,4.333,,1.667,0
19,0,3,703,bahay Miguel Marco,1.0,0.0,1.0,1.0,0.0,,5.333,,2.0,0
19,0,3,704,Miguel Marco hali,0.6667,0.0,1.0,0.6667,0.0,,5.0,,2.0,0
19,0,3,705,Marco hali nga,0.3333,0.0,1.0,0.6667,0.0,,4.0,,1.667,0
19,0,3,706,hali nga kayo,0.0,0.0,1.0,0.3333,0.0,,3.667,,1.333,0
19,0,3,707,nga kayo tawag,0.3333,0.0,1.0,0.6667,0.0,,4.0,,1.333,0
19,0,3,708,kayo tawag ni,0.3333,0.0,1.0,0.3333,0.0,,3.667,,1.333,0
19,0,3,709,tawag ni aling,0.3333,0.0,1.0,0.3333,0.0,,4.0,,1.667,0
19,0,3,710,ni aling Memay,0.3333,0.0,1.0,0.3333,0.0,,4.0,,1.667,0
19,0,3,711,aling Memay sa,0.3333,0.0,1.0,0.3333,0.0,,4.0,,1.333,0
19,0,3,712,Memay sa dalawang,0.3333,0.0,1.0,0.6667,0.0,,5.0,,2.0,1
19,0,3,713,sa dalawang magkakapatid,0.3333,0.0,1.0,0.6667,0.0,,7.333,,3.0,2
19,0,3,714,dalawang magkakapatid lumapit,0.3333,0.3333,1.0,1.0,0.0,,9.0,,4.0,2
19,0,3,715,magkakapatid lumapit kaagad,0.3333,0.3333,1.0,1.0,0.0,,8.333,,3.333,1
19,0,3,716,lumapit kaagad sila,0.0,0.3333,1.0,0.6667,0.0,,5.667,,2.0,0
19,0,3,717,kaagad sila at,0.0,0.0,1.0,0.3333,0.0,,4.0,,1.0,0
19,0,3,718,sila at nagtanong,0.0,0.3333,1.0,0.3333,0.0,,5.0,,1.667,1
19,0,3,719,at nagtanong bakit,0.0,0.3333,1.0,0.3333,0.0,,5.333,,2.0,1
19,0,3,720,nagtanong bakit po,0.0,0.3333,1.0,0.6667,0.0,,5.333,,2.333,1
19,0,3,721,bakit po Inay,0.3333,0.0,1.0,0.6667,0.0,,3.667,,1.333,0
19,0,3,722,po Inay nakita,0.3333,0.3333,1.0,1.0,0.0,,4.0,,1.667,0
19,0,3,723,Inay nakita niyo,0.3333,0.3333,1.0,0.6667,0.0,,4.667,,1.667,0
19,0,3,724,nakita niyo ba,0.0,0.3333,1.0,0.6667,0.0,,4.0,,1.667,0
19,0,3,725,niyo ba ang,0.0,0.0,1.0,0.3333,0.0,,3.0,,1.0,0
19,0,3,726,ba ang manika,0.3333,0.0,1.0,0.6667,0.0,,3.667,,1.667,0
19,0,3,727,ang manika ni,0.3333,0.0,1.0,0.3333,0.0,,3.667,,1.667,0
19,0,3,728,manika ni Maya,0.6667,0.0,1.0,0.6667,0.0,,4.0,,1.667,0
19,0,3,729,ni Maya hindi,0.3333,0.0,1.0,0.6667,0.0,,3.667,,1.333,0
19,0,3,730,Maya hindi po,0.3333,0.0,1.0,1.0,0.0,,3.667,,1.333,0
19,0,3,731,hindi po magalang,0.0,0.0,1.0,1.0,0.0,,5.0,,2.333,1
19,0,3,732,po magalang na,0.0,0.0,1.0,0.6667,0.0,,4.0,,2.0,1
19,0,3,733,magalang na sagot,0.3333,0.0,1.0,0.6667,0.0,,5.0,,2.0,1
19,0,3,734,na sagot ni,0.3333,0.0,1.0,0.3333,0.0,,3.0,,1.0,0
19,0,3,735,sagot ni Kuya,0.6667,0.0,1.0,0.6667,0.0,,3.667,,1.0,0
19,0,3,736,ni Kuya Miguel,0.6667,0.0,1.0,0.6667,0.0,,4.0,,1.333,0
19,0,3,737,Kuya Miguel Ikaw,1.0,0.0,1.0,1.0,0.0,,4.667,,1.333,0
19,0,3,738,Miguel Ikaw Marco,1.0,0.0,1.0,1.0,0.0,,5.0,,1.667,0
19,0,3,739,Ikaw Marco tanong,1.0,0.0,1.0,1.0,0.0,,5.0,,2.0,0
19,0,3,740,Marco tanong naman,0.6667,0.0,1.0,1.0,0.0,,5.333,,2.333,0
19,0,3,741,tanong naman ni,0.3333,0.0,1.0,0.6667,0.0,,4.333,,2.0,0
19,0,3,742,naman ni aling,0.0,0.0,1.0,0.3333,0.0,,4.0,,1.667,0
19,0,3,743,ni aling Memay,0.3333,0.0,1.0,0.3333,0.0,,4.0,,1.667,0
19,0,3,744,aling Memay kay,0.3333,0.0,1.0,0.3333,0.0,,4.333,,1.667,0
19,0,3,745,Memay kay Marco,0.6667,0.0,1.0,0.6667,0.0,,4.333,,1.667,0
19,0,3,746,kay Marco hindi,0.3333,0.0,1.0,0.6667,0.0,,4.333,,1.667,0
19,0,3,747,Marco hindi rin,0.3333,0.0,1.0,1.0,0.0,,4.333,,1.667,0
19,0,3,748,hindi rin po,0.0,0.0,1.0,1.0,0.0,,3.333,,1.333,0
19,0,3,749,rin po Inay,0.3333,0.0,1.0,1.0,0.0,,3.0,,1.0,0
19,0,3,750,po Inay Isipin,0.6667,0.0,1.0,1.0,0.0,,4.0,,1.0,0
19,0,3,751,Inay Isipin mo,0.6667,0.0,1.0,0.6667,0.0,,4.0,,1.0,0
19,0,3,752,Isipin mo nang,0.3333,0.0,1.0,0.6667,0.0,,4.0,,1.333,0
19,0,3,753,mo nang mabuti,0.0,0.0,1.0,0.6667,0.0,,4.0,,2.0,0
19,0,3,754,nang mabuti Maya,0.3333,0.0,1.0,1.0,0.0,,4.667,,2.0,0
19,0,3,755,mabuti Maya saan,0.3333,0.0,1.0,0.6667,0.0,,4.667,,1.333,0
19,0,3,756,Maya saan mo,0.3333,0.0,1.0,0.3333,0.0,,3.333,,0.6667,0
19,0,3,757,saan mo inilagay,0.0,0.3333,1.0,0.3333,0.0,,4.667,,1.333,0
19,0,3,758,mo inilagay ang,0.0,0.3333,1.0,0.3333,0.0,,4.333,,1.667,0
19,0,3,759,inilagay ang iyong,0.0,0.3333,1.0,0.3333,0.0,,5.333,,1.667,0
19,0,3,760,ang iyong manika,0.3333,0.0,1.0,0.3333,0.0,,4.667,,1.667,0
19,0,3,761,iyong manika Kahapon,0.6667,0.0,1.0,0.6667,0.0,,6.0,,2.333,0
19,0,3,762,manika Kahapon po,0.6667,0.0,1.0,1.0,0.0,,5.0,,2.333,0
19,0,3,763,Kahapon po pinapatulog,0.3333,0.3333,1.0,1.0,0.0,,6.667,,3.0,1
19,0,3,764,po pinapatulog ko,0.0,0.3333,1.0,0.6667,0.0,,5.0,,2.333,1
19,0,3,765,pinapatulog ko po,0.0,0.3333,1.0,0.6667,0.0,,5.0,,2.333,1
19,0,3,766,ko po siya,0.0,0.0,1.0,0.3333,0.0,,2.667,,0.6667,0
19,0,3,767,po siya ah,0.3333,0.0,1.0,0.6667,0.0,,2.667,,0.3333,0
19,0,3,768,siya ah naaalala,0.3333,0.3333,1.0,0.6667,0.0,,4.667,,1.0,0
19,0,3,769,ah naaalala ko,0.3333,0.3333,1.0,0.6667,0.0,,4.0,,1.333,0
19,0,3,770,naaalala ko na,0.0,0.3333,1.0,0.3333,0.0,,4.0,,1.667,0
19,0,3,771,ko na po,0.0,0.0,1.0,0.3333,0.0,,2.0,,1.0,0
19,0,3,772,na po pinasok,0.0,0.3333,1.0,0.6667,0.0,,3.667,,1.333,0
19,0,3,773,po pinasok ko,0.0,0.3333,1.0,0.6667,0.0,,3.667,,1.333,0
19,0,3,774,pinasok ko siya,0.0,0.3333,1.0,0.3333,0.0,,4.333,,1.0,0
19,0,3,775,ko siya sa,0.0,0.0,1.0,0.0,0.0,,2.667,,0.3333,0
19,0,3,776,siya sa isang,0.0,0.0,1.0,0.0,0.0,,3.667,,0.3333,0
19,0,3,777,sa isang karton,0.3333,0.0,1.0,0.3333,0.0,,4.333,,1.0,0
19,0,3,778,isang karton na,0.3333,0.0,1.0,0.3333,0.0,,4.333,,1.333,0
19,0,3,779,karton na ginawa,0.3333,0.3333,1.0,0.6667,0.0,,4.667,,2.0,0
19,0,3,780,na ginawa kong,0.0,0.3333,1.0,0.3333,0.0,,4.0,,2.0,0
19,0,3,781,ginawa kong kama,0.3333,0.3333,1.0,0.6667,0.0,,4.667,,2.333,0
19,0,3,782,kong kama niya,0.3333,0.0,1.0,0.3333,0.0,,4.0,,1.667,0
19,0,3,783,kama niya dito,0.3333,0.0,1.0,0.3333,0.0,,4.0,,1.667,0
19,0,3,784,niya dito ko,0.0,0.0,1.0,0.0,0.0,,3.333,,1.333,0
19,0,3,785,dito ko po,0.0,0.0,1.0,0.3333,0.0,,2.667,,1.333,0
19,0,3,786,ko po sa,0.0,0.0,1.0,0.3333,0.0,,2.0,,0.6667,0
19,0,3,787,po sa sahig,0.3333,0.0,1.0,0.6667,0.0,,3.0,,0.6667,0
19,0,3,788,sa sahig nilapag,0.3333,0.3333,1.0,0.6667,0.0,,4.667,,1.333,0
19,0,3,789,sahig nilapag kahapon,0.3333,0.3333,1.0,1.0,0.0,,6.333,,2.333,0
19,0,3,790,nilapag kahapon Maligsing,0.3333,0.3333,1.0,1.0,0.0,,7.667,,3.0,0
19,0,3,791,kahapon Maligsing tugon,0.6667,0.0,1.0,1.0,0.0,,7.0,,2.667,0
19,0,3,792,Maligsing tugon ni,0.6667,0.0,1.0,0.6667,0.0,,5.333,,2.0,0
19,0,3,793,tugon ni Maya,0.6667,0.0,1.0,0.6667,0.0,,3.667,,1.333,0
19,0,3,794,ni Maya sa,0.3333,0.0,1.0,0.3333,0.0,,2.667,,0.6667,0
19,0,3,795,Maya sa kanyang,0.3333,0.0,1.0,0.3333,0.0,,4.333,,1.0,0
19,0,3,796,sa kanyang Inay,0.3333,0.0,1.0,0.3333,0.0,,4.333,,1.0,0
19,0,3,797,kanyang Inay dali-daling,0.3333,0.0,1.0,0.6667,0.0,,7.333,,2.667,1
19,0,3,798,Inay dali-daling tumalikod,0.3333,0.3333,1.0,1.0,0.0,,8.0,,3.333,2
19,0,3,799,dali-daling tumalikod si,0.0,0.3333,1.0,0.6667,0.0,,7.333,,3.0,2
19,0,3,800,tumalikod si aling,0.0,0.3333,1.0,0.3333,0.0,,5.333,,2.0,1
19,0,3,801,si aling Memay,0.3333,0.0,1.0,0.3333,0.0,,4.0,,1.333,0
19,0,3,802,aling Memay at,0.3333,0.0,1.0,0.3333,0.0,,4.0,,1.333,0
19,0,3,803,Memay at nagtungo,0.3333,0.3333,1.0,0.6667,0.0,,5.0,,1.667,0
19,0,3,804,at nagtungo sa,0.0,0.3333,1.0,0.3333,0.0,,4.0,,1.0,0
19,0,3,805,nagtungo sa bodega,0.3333,0.3333,1.0,0.6667,0.0,,5.333,,2.0,0
19,0,3,806,sa bodega ito,0.3333,0.0,1.0,0.3333,0.0,,3.667,,1.333,0
19,0,3,807,bodega ito ba,0.3333,0.0,1.0,0.6667,0.0,,3.667,,1.667,0
19,0,3,808,ito ba na,0.0,0.0,1.0,0.3333,0.0,,2.333,,1.0,0
19,0,3,809,ba na kahon,0.3333,0.0,1.0,0.6667,0.0,,3.0,,1.333,0
19,0,3,810,na kahon Maya,0.6667,0.0,1.0,0.6667,0.0,,3.667,,1.333,0
19,0,3,811,kahon Maya Tanong,1.0,0.0,1.0,1.0,0.0,,5.0,,2.0,0
19,0,3,812,Maya Tanong ni,0.6667,0.0,1.0,0.6667,0.0,,4.0,,1.667,0
19,0,3,813,Tanong ni Maya,0.6667,0.0,1.0,0.6667,0.0,,4.0,,1.667,0
19,0,3,814,ni Maya Upo,0.6667,0.0,1.0,0.6667,0.0,,3.0,,1.0,0
19,0,3,815,Maya Upo Inay,1.0,0.0,1.0,1.0,0.0,,3.667,,1.0,0
19,0,3,816,Upo Inay yan,0.6667,0.0,1.0,0.6667,0.0,,3.333,,0.6667,0
19,0,3,817,Inay yan nga,0.3333,0.0,1.0,0.6667,0.0,,3.333,,0.6667,0
19,0,3,818,yan nga po,0.0,0.0,1.0,0.6667,0.0,,2.667,,0.6667,0
19,0,3,819,nga po Sabik,0.3333,0.0,1.0,1.0,0.0,,3.333,,1.0,0
19,0,3,820,po Sabik na,0.3333,0.0,1.0,0.6667,0.0,,3.0,,1.0,0
19,0,3,821,Sabik na sagot,0.6667,0.0,1.0,0.6667,0.0,,4.0,,1.0,0
19,0,3,822,na sagot ni,0.3333,0.0,1.0,0.3333,0.0,,3.0,,1.0,0
19,0,3,823,sagot ni Maya,0.6667,0.0,1.0,0.6667,0.0,,3.667,,1.0,0
19,0,3,824,ni Maya Heto,0.6667,0.0,1.0,0.6667,0.0,,3.333,,1.333,0
19,0,3,825,Maya Heto buksan,0.6667,0.3333,1.0,1.0,0.0,,4.667,,1.333,0
19,0,3,826,Heto buksan mo,0.3333,0.3333,1.0,0.6667,0.0,,4.0,,1.333,0
19,0,3,827,buksan mo wika,0.3333,0.3333,1.0,0.6667,0.0,,4.0,,1.333,0
19,0,3,828,mo wika ng,0.3333,0.0,1.0,0.3333,0.0,,2.667,,1.333,0
19,0,3,829,wika ng kanyang,0.3333,0.0,1.0,0.3333,0.0,,4.333,,1.667,0
19,0,3,830,ng kanyang inay,0.0,0.0,1.0,0.0,0.0,,4.333,,1.333,0
19,0,3,831,kanyang inay nang,0.0,0.0,1.0,0.3333,0.0,,5.0,,1.667,0
19,0,3,832,inay nang buksan,0.0,0.3333,1.0,0.6667,0.0,,4.667,,1.333,0
19,0,3,833,nang buksan ni,0.0,0.3333,1.0,0.6667,0.0,,4.0,,1.333,0
19,0,3,834,buksan ni Maya,0.3333,0.3333,1.0,0.6667,0.0,,4.0,,1.0,0
19,0,3,835,ni Maya nagningning,0.3333,0.3333,1.0,0.6667,0.0,,5.667,,2.333,1
19,0,3,836,Maya nagningning ang,0.3333,0.3333,1.0,0.6667,0.0,,6.0,,2.333,1
19,0,3,837,nagningning ang kanyang,0.0,0.3333,1.0,0.3333,0.0,,7.0,,2.667,1
19,0,3,838,ang kanyang mga,0.0,0.0,1.0,0.0,0.0,,4.333,,1.333,0
19,0,3,839,kanyang mga mata,0.3333,0.0,1.0,0.3333,0.0,,4.667,,1.667,0
19,0,3,840,mga mata nang,0.3333,0.0,1.0,0.6667,0.0,,3.667,,1.667,0
19,0,3,841,mata nang makita,0.3333,0.3333,1.0,1.0,0.0,,4.667,,2.333,0
19,0,3,842,nang makita sa,0.0,0.3333,1.0,0.6667,0.0,,4.0,,1.667,0
19,0,3,843,makita sa loob,0.3333,0.3333,1.0,0.6667,0.0,,4.0,,1.333,0
19,0,3,844,sa loob ng,0.3333,0.0,1.0,0.3333,0.0,,2.667,,0.6667,0
19,0,3,845,loob ng kahon,0.6667,0.0,1.0,0.6667,0.0,,3.667,,1.333,0
19,0,3,846,ng kahon si,0.3333,0.0,1.0,0.3333,0.0,,3.0,,1.0,0
19,0,3,847,kahon si Meya,0.6667,0.0,1.0,0.6667,0.0,,3.667,,1.0,0
19,0,3,848,si Meya Manika,0.6667,0.0,1.0,0.6667,0.0,,4.0,,1.333,0
19,0,3,849,Meya Manika Maraming-maraming,1.0,0.0,1.0,1.0,0.0,,9.0,,4.0,1
19,0,3,850,Manika Maraming-maraming salamat,0.6667,0.0,1.0,1.0,0.0,,10.0,,4.333,1
19,0,3,851,Maraming-maraming salamat po,0.3333,0.0,1.0,1.0,0.0,,8.667,,3.667,1
19,0,3,852,salamat po Inay,0.3333,0.0,1.0,1.0,0.0,,4.333,,1.333,0
19,0,3,853,po Inay Niyakap,0.6667,0.0,1.0,1.0,0.0,,4.333,,1.333,0
19,0,3,854,Inay Niyakap nang,0.6667,0.0,1.0,1.0,0.0,,5.0,,1.667,0
19,0,3,855,Niyakap nang mahigpit,0.3333,0.0,1.0,1.0,0.0,,6.333,,2.333,0
19,0,3,856,nang mahigpit ni,0.0,0.0,1.0,0.6667,0.0,,4.667,,2.0,0
19,0,3,857,mahigpit ni Maya,0.3333,0.0,1.0,0.6667,0.0,,4.667,,1.667,0
19,0,3,858,ni Maya si,0.3333,0.0,1.0,0.3333,0.0,,2.667,,0.6667,0
19,0,3,859,Maya si Meya,0.6667,0.0,1.0,0.6667,0.0,,3.333,,0.6667,0
19,0,3,860,si Meya Manika,0.6667,0.0,1.0,0.6667,0.0,,4.0,,1.333,0
19,0,3,861,Meya Manika Masayang-masaya,1.0,0.0,1.0,1.0,0.0,,8.333,,2.333,0
19,0,3,862,Manika Masayang-masaya din,0.6667,0.0,1.0,1.0,0.0,,8.0,,2.333,0
19,0,3,863,Masayang-masaya din ang,0.3333,0.0,1.0,0.6667,0.0,,7.0,,1.667,0
19,0,3,864,din ang kanyang,0.0,0.0,1.0,0.3333,0.0,,4.333,,1.333,0
19,0,3,865,ang kanyang mga,0.0,0.0,1.0,0.0,0.0,,4.333,,1.333,0
19,0,3,866,kanyang mga kapatid,0.3333,0.0,1.0,0.3333,0.0,,5.667,,2.0,0
19,0,3,867,mga kapatid pinaalalahanan,0.3333,0.3333,1.0,0.6667,0.0,,8.0,,3.333,1
19,0,3,868,kapatid pinaalalahanan ni,0.3333,0.3333,1.0,0.6667,0.0,,7.667,,3.333,1
19,0,3,869,pinaalalahanan ni aling,0.0,0.3333,1.0,0.3333,0.0,,7.0,,3.0,1
19,0,3,870,ni aling Memay,0.3333,0.0,1.0,0.3333,0.0,,4.0,,1.667,0
19,0,3,871,aling Memay ang,0.3333,0.0,1.0,0.3333,0.0,,4.333,,1.667,0
19,0,3,872,Memay ang kanyang,0.3333,0.0,1.0,0.3333,0.0,,5.0,,1.667,0
19,0,3,873,ang kanyang mga,0.0,0.0,1.0,0.0,0.0,,4.333,,1.333,0
19,0,3,874,kanyang mga anak,0.3333,0.0,1.0,0.3333,0.0,,4.667,,1.333,0
19,0,3,875,mga anak na,0.3333,0.0,1.0,0.3333,0.0,,3.0,,1.0,0
19,0,3,876,anak na kapag,0.3333,0.0,1.0,0.3333,0.0,,3.667,,1.333,0
19,0,3,877,na kapag kayo,0.0,0.0,1.0,0.0,0.0,,3.667,,1.333,0
19,0,3,878,kapag kayo ay,0.0,0.0,1.0,0.0,0.0,,3.667,,1.0,0
19,0,3,879,kayo ay maglalaro,0.0,0.3333,1.0,0.3333,0.0,,5.0,,1.667,1
19,0,3,880,ay maglalaro siguraduhing,0.0,0.3333,1.0,0.6667,0.0,,7.667,,3.0,2
19,0,3,881,maglalaro siguraduhing iligpit,0.0,0.6667,1.0,1.0,0.0,,9.333,,3.667,2
19,0,3,882,siguraduhing iligpit sa,0.0,0.3333,1.0,0.6667,0.0,,7.0,,2.333,1
19,0,3,883,iligpit sa tamang,0.0,0.3333,1.0,0.6667,0.0,,5.0,,1.667,0
19,0,3,884,sa tamang lalagyan,0.3333,0.0,1.0,0.6667,0.0,,5.333,,1.667,0
19,0,3,885,tamang lalagyan ang,0.3333,0.0,1.0,0.6667,0.0,,5.667,,2.0,0
19,0,3,886,lalagyan ang inyong,0.3333,0.0,1.0,0.3333,0.0,,5.667,,1.333,0
19,0,3,887,ang inyong mga,0.0,0.0,1.0,0.0,0.0,,4.0,,1.0,0
19,0,3,888,inyong mga laruan,0.3333,0.0,1.0,0.3333,0.0,,5.0,,1.333,0
19,0,3,889,mga laruan Pahalagahan,0.6667,0.0,1.0,0.6667,0.0,,6.667,,2.667,1
19,0,3,890,laruan Pahalagahan ninyo,0.6667,0.0,1.0,0.6667,0.0,,7.333,,2.667,1
19,0,3,891,Pahalagahan ninyo ang,0.3333,0.0,1.0,0.3333,0.0,,6.333,,2.333,1
19,0,3,892,ninyo ang ano,0.0,0.0,1.0,0.0,0.0,,3.667,,1.0,0
19,0,3,893,ang ano mang,0.0,0.0,1.0,0.3333,0.0,,3.333,,1.333,0
19,0,3,894,ano mang bagay,0.3333,0.0,1.0,0.6667,0.0,,4.0,,1.667,0
19,0,3,895,mang bagay na,0.3333,0.0,1.0,0.6667,0.0,,3.667,,1.667,0
19,0,3,896,bagay na nasa,0.3333,0.0,1.0,0.6667,0.0,,3.667,,1.333,0
19,0,3,897,na nasa inyo,0.0,0.0,1.0,0.3333,0.0,,3.333,,0.6667,0
19,0,3,898,nasa inyo wika,0.3333,0.0,1.0,0.6667,0.0,,4.0,,1.0,0
19,0,3,899,inyo wika ng,0.3333,0.0,1.0,0.3333,0.0,,3.333,,1.0,0
19,0,3,900,wika ng kanilang,0.3333,0.0,1.0,0.3333,0.0,,4.667,,2.333,1
19,0,3,901,ng kanilang Inay,0.3333,0.0,1.0,0.3333,0.0,,4.667,,2.0,1
19,0,3,902,kanilang Inay Opo,0.6667,0.0,1.0,0.6667,0.0,,5.0,,2.0,1
19,0,3,903,Inay Opo Inay,1.0,0.0,0.6667,1.0,0.0,,3.667,,1.0,0
19,0,3,904,Opo Inay patawad,0.6667,0.0,1.0,1.0,0.0,,4.667,,1.667,0
19,0,3,905,Inay patawad po,0.3333,0.0,1.0,1.0,0.0,,4.333,,1.667,0
19,0,3,906,patawad po nakalimutan,0.0,0.3333,1.0,1.0,0.0,,6.667,,3.0,1
19,0,3,907,po nakalimutan kong,0.0,0.3333,1.0,0.6667,0.0,,5.667,,2.667,1
19,0,3,908,nakalimutan kong iligpit,0.0,0.6667,1.0,0.6667,0.0,,7.333,,3.0,1
19,0,3,909,kong iligpit ang,0.0,0.3333,1.0,0.3333,0.0,,4.667,,1.667,0
19,0,3,910,iligpit ang aking,0.0,0.3333,1.0,0.3333,0.0,,5.0,,1.667,0
19,0,3,911,ang aking manika,0.3333,0.0,1.0,0.3333,0.0,,4.667,,2.0,0
19,0,3,912,aking manika malumanay,0.3333,0.0,1.0,0.6667,0.0,,6.667,,3.0,1
19,0,3,913,manika malumanay na,0.3333,0.0,1.0,0.6667,0.0,,5.667,,2.667,1
19,0,3,914,malumanay na sagot,0.3333,0.0,1.0,0.6667,0.0,,5.333,,2.0,1
19,0,3,915,na sagot ni,0.3333,0.0,1.0,0.3333,0.0,,3.0,,1.0,0
19,0,3,916,sagot ni Maya,0.6667,0.0,1.0,0.6667,0.0,,3.667,,1.0,0
19,0,3,917,ni Maya Opo,0.6667,0.0,1.0,0.6667,0.0,,3.0,,1.0,0
19,0,3,918,Maya Opo Inay,1.0,0.0,1.0,1.0,0.0,,3.667,,1.0,0
19,0,3,919,Opo Inay sagot,1.0,0.0,1.0,1.0,0.0,,4.0,,1.0,0
19,0,3,920,Inay sagot din,0.6667,0.0,1.0,1.0,0.0,,4.0,,1.0,0
19,0,3,921,sagot din ni,0.3333,0.0,1.0,0.6667,0.0,,3.333,,1.0,0
19,0,3,922,din ni Kuya,0.3333,0.0,1.0,0.6667,0.0,,3.0,,1.0,0
19,0,3,923,ni Kuya Miguel,0.6667,0.0,1.0,0.6667,0.0,,4.0,,1.333,0
19,0,3,924,Kuya Miguel at,0.6667,0.0,1.0,0.6667,0.0,,4.0,,1.0,0
19,0,3,925,Miguel at Marco,0.6667,0.0,1.0,0.6667,0.0,,4.333,,1.333,0
19,0,3,926,at Marco Hinalikan,0.6667,0.0,1.0,0.6667,0.0,,5.333,,2.0,1
19,0,3,927,Marco Hinalikan at,0.6667,0.0,1.0,0.6667,0.0,,5.333,,2.0,1
19,0,3,928,Hinalikan at niyaakap,0.3333,0.3333,1.0,0.6667,0.0,,6.333,,2.0,1
19,0,3,929,at niyaakap muli,0.0,0.3333,1.0,0.6667,0.0,,4.667,,1.333,0
19,0,3,930,niyaakap muli Maya,0.3333,0.3333,1.0,1.0,0.0,,5.333,,1.667,0
19,0,3,931,muli Maya si,0.3333,0.0,1.0,0.6667,0.0,,3.333,,1.0,0
19,0,3,932,Maya si Meya,0.6667,0.0,1.0,0.6667,0.0,,3.333,,0.6667,0
19,0,3,933,si Meya Manika,0.6667,0.0,1.0,0.6667,0.0,,4.0,,1.333,0
19,0,7,0,si Maya ay pangalawa sa tatlong magkakapatid,0.2857,0.0,1.0,0.5714,0.0,,5.429,,1.857,2
19,0,13,1,nakatira sila sa abang tahanan ng Barangay San Isidro lungsod ng Heneral Santos,0.5385,0.07692,0.9231,0.6923,0.0,,5.154,,1.692,1
19,0,12,2,Mapagmahal ang kanyang mga magulang na sina Mang Mando at aling Memay,0.4167,0.0,1.0,0.4167,0.0,,4.833,,1.833,2
19,0,13,3,Mahilig maglaro si Maya sa kanyang manika na bigay ng kanyang Ante Anna,0.3846,0.1538,0.9231,0.5385,0.0,,4.538,,1.538,0
19,0,20,4,Araw ng Sabado naglalaro ang magkakapatid Kuya Miguel maglalaro tayo ng manika ko tawag ni Maya sa kanyang nakatatandang kapatid,0.45,0.1,0.95,0.6,0.0,,5.45,,2.1,4
19,0,18,5,Bog #Bog #Bog sandali lamang naglalaro pa kami ni Marco ng basketball tugon naman ng kanyang Kuya Miguel,0.4444,0.05556,0.8889,0.7222,0.0,,4.833,,1.778,1
19,0,7,6,si Marco ay ang kanilang nakababatang kapatid,0.2857,0.0,1.0,0.4286,0.0,,5.571,,2.286,2
19,0,13,7,Mag-isa na lamang naglaro si Maya sa kanyang manika na pinangalanan niyang Meya,0.3077,0.1538,0.9231,0.5385,0.0,,5.154,,1.769,1
19,0,1,8,Mmmmm,1.0,0.0,1.0,1.0,0.0,,5.0,,0.0,0
19,0,3,9,mmmmm tulog na,0.3333,0.0,1.0,0.3333,0.0,,4.0,,1.0,0
19,0,2,10,tulog na,0.5,0.0,1.0,0.5,0.0,,3.5,,1.5,0
19,0,3,11,Meya kong mahal,0.3333,0.0,1.0,0.6667,0.0,,4.333,,1.667,0
19,0,8,12,Awit ni Maya habang inuugoy ang kanyang manika,0.375,0.125,1.0,0.625,0.0,,4.875,,1.75,0
19,0,12,13,inilapag niya ito sa loob ng kahon bilang kama ng kanyang manika,0.3333,0.08333,0.9167,0.4167,0.0,,4.417,,1.667,0
19,0,9,14,pumunta si Maya sa kusina upang uminom ng tubig,0.3333,0.2222,1.0,0.5556,0.0,,4.333,,1.444,0
19,0,12,15,nakita niya sa labas ang dalawa niyang kapatid na naglalaro ng bola,0.1667,0.1667,1.0,0.4167,0.0,,4.667,,1.917,1
19,0,13,16,Kuya Miguel ipasa mo rin sa akin ang bola nakangiting sigaw ni Maya,0.3846,0.1538,1.0,0.6154,0.0,,4.231,,1.385,1
19,0,6,17,eto saluin mo ang bola Maya,0.3333,0.1667,1.0,0.5,0.0,,3.667,,1.167,0
19,0,4,18,Tugon ni Kuya Miguel,0.75,0.0,1.0,0.75,0.0,,4.25,,1.5,0
19,0,14,19,Wow ang galing mo Ate Maya nasalo mo papuri ni Marco sa kanyang ate,0.3571,0.07143,0.9286,0.5,0.0,,3.857,,1.429,0
19,0,10,20,lumabas sila sa kanilang bahay upang maglaro pa ng habol-habolan,0.1,0.2,1.0,0.4,0.0,,5.5,,2.2,2
19,0,8,21,dumating ang kanyang Nanay Memay mula sa palengke,0.375,0.125,1.0,0.625,0.0,,5.25,,2.125,2
19,0,7,22,Mano po Inay patakbong lumapit ang magkakapatid,0.4286,0.1429,1.0,0.8571,0.0,,5.857,,2.429,2
19,0,9,23,maaari po bang maglaro pa kami sa labas Inay,0.1111,0.2222,1.0,0.7778,0.0,,4.0,,1.556,0
19,0,7,24,Paalam ni Kuya Miguel kay aling Memay,0.5714,0.0,1.0,0.5714,0.0,,4.429,,1.571,0
19,0,14,25,O sige mga anak basta maging maingat at huwag mag-aaway paalala ni aling Memay,0.2857,0.1429,1.0,0.5714,0.0,,4.643,,1.571,0
19,0,3,26,Huli ka Marco,0.6667,0.0,1.0,0.6667,0.0,,3.667,,1.667,0
19,0,8,27,ako naman habulin mo Marco tugon ni Maya,0.375,0.125,1.0,0.625,0.0,,4.125,,1.625,0
19,0,10,28,Mag-iingat kayo baka madapa kayo paalala ng kanilang Kuya Miguel,0.4,0.1,0.9,0.6,0.0,,5.5,,2.0,1
19,0,9,29,sa kusina inaayos ni aling Memay ang kanyang pinamili,0.2222,0.2222,1.0,0.4444,0.0,,5.0,,1.667,1
19,0,8,30,meron siyang mga prutas ; mangga at mansanas,0.25,0.25,1.0,0.5,0.0,,4.625,,1.375,0
19,0,3,31,Gulay at manok,0.6667,0.0,1.0,0.6667,0.0,,4.0,,1.333,0
19,0,16,32,nagligpit siya ng mga kalat sa loob ng sala itinabi ang kahon at ipinasok sa bodega,0.25,0.1875,0.875,0.5,0.0,,4.25,,1.312,0
19,0,13,33,matapos magluto tinawag na niya ang kanyang mga anak upang kumain ng meryenda,0.1538,0.3077,1.0,0.4615,0.0,,5.0,,1.769,0
19,0,8,34,nandito na po kami Inay bungad ni Maya,0.375,0.125,1.0,0.625,0.0,,3.875,,1.5,0
19,0,9,35,binigyan sila ng tinapay at juice ni aling Memay,0.3333,0.1111,1.0,0.4444,0.1111,,4.444,,1.556,0
19,0,6,36,salamat po Inay nabusog po kami,0.1667,0.1667,0.8333,0.8333,0.0,,4.333,,1.5,0
19,0,8,37,Sabay sabi nina Kuya Miguel Maya at Marco,0.625,0.125,1.0,0.75,0.0,,4.25,,1.25,0
19,0,1,38,kinabukasan,0.0,0.0,1.0,1.0,0.0,,11.0,,4.0,1
19,0,8,39,magandang umaga Maya masayang bati ng kanyang manika,0.5,0.0,1.0,0.75,0.0,,5.625,,2.125,1
19,0,10,40,magandang umaga naman Meya tugon ni Maya sa kanyang Manika,0.5,0.0,1.0,0.7,0.0,,4.9,,1.8,1
19,0,9,41,Halika maglaro tayo ng tagu-taguan sambit ni Meya Manika,0.5556,0.1111,1.0,0.6667,0.0,,5.333,,2.0,1
19,0,5,42,isa dalawa tatlo magtago kana,0.0,0.2,1.0,0.4,0.0,,5.0,,2.0,0
19,0,14,43,hinanap ni Maya si Meya Manika sumilip sya sa ilalim ng kama Huli ka,0.3571,0.1429,1.0,0.5714,0.0,,3.929,,1.357,0
19,0,3,44,ngunit walang Meya,0.3333,0.3333,1.0,0.6667,0.0,,5.333,,2.0,0
19,0,17,45,pumunta naman siya sa kanang parte ng kanilang bahay ang sala tahimik at wala parin si Meya,0.2941,0.1176,1.0,0.5882,0.0,,4.412,,1.588,1
19,0,1,46,Aaaaahhh,1.0,0.0,1.0,1.0,0.0,,8.0,,0.0,0
19,0,9,47,alam ko na tinungo ni Maya ang silid nila,0.2222,0.2222,1.0,0.4444,0.0,,3.667,,1.333,0
19,0,5,48,dahan-dahan niyang binuksan ang pinto,0.2,0.2,1.0,0.6,0.0,,6.6,,2.2,1
19,0,4,49,Meya Meya nasaan ka,0.5,0.0,0.75,0.75,0.0,,4.0,,1.0,0
19,0,3,50,Mahuhuli na kita,0.6667,0.0,1.0,0.6667,0.0,,4.667,,2.333,1
19,0,5,51,malumanay na sambit ni Maya,0.4,0.0,1.0,0.6,0.0,,4.6,,1.6,1
19,0,5,52,subalit wala paring Meya Manika,0.6,0.2,1.0,0.8,0.0,,5.4,,2.2,0
19,0,1,53,Naku,1.0,0.0,1.0,1.0,0.0,,4.0,,2.0,0
19,0,4,54,saan kaya siya nagtago,0.0,0.25,1.0,0.25,0.0,,4.75,,1.0,0
19,0,21,55,lumabas ito ng bahay tiningnan sa likod ng kanilang bahay sa ilalim ng mga tanim gayon paman wala paring Meya Manika,0.3333,0.1429,0.8095,0.5714,0.0,,4.571,,1.81,2
19,0,4,56,nagsimula na siyang mag-alala,0.0,0.5,1.0,0.5,0.0,,6.5,,2.0,0
19,0,3,57,Nasaan kana Meya,0.6667,0.0,1.0,1.0,0.0,,4.667,,1.333,0
19,0,2,58,lumabas kana,0.0,0.5,1.0,1.0,0.0,,5.5,,2.5,0
19,0,5,59,Paiyak na sambit ni Maya,0.6,0.0,1.0,0.6,0.0,,4.0,,1.0,0
19,0,6,60,Inay Itay nawawala po si Meya,0.5,0.1667,1.0,0.8333,0.0,,4.0,,1.333,1
19,0,2,61,paanong nawala,0.5,0.5,1.0,1.0,0.0,,6.5,,3.0,0
19,0,4,62,tanong ni Mang Mando,0.75,0.0,1.0,0.75,0.0,,4.25,,2.0,0
19,0,17,63,naglalaro lang po kami ng tagu-taguan kanina ko pa po siya hinahanap pero hindi ko siya mahanap,0.05882,0.1765,0.8235,0.5882,0.0,,4.647,,1.882,3
19,0,5,64,malungkot na sagot ni Maya,0.4,0.0,1.0,0.6,0.0,,4.4,,1.6,1
19,0,9,65,Huhuhuhu tulungan po ninyo ako hanapin natin si Meya,0.2222,0.2222,1.0,0.5556,0.0,,4.889,,1.778,1
19,0,5,66,Iyak nang iyak si Maya,0.6,0.0,1.0,0.8,0.0,,3.6,,0.6,0
19,0,13,67,lumapit na rin ang kanyang Kuya Miguel at bunsong kapatid na si Marco,0.3077,0.07692,0.9231,0.5385,0.0,,4.385,,1.462,0
19,0,8,68,huwag ka nang umiyak Maya tutulungan ka naming,0.125,0.25,0.875,0.625,0.0,,4.875,,1.875,1
19,0,27,69,nagmungkahi ang kanyang Inay na si aling Memay na mag imprinta sila ng larawan ni Meya Manika ipaskil sa labas ng kanilang bahay at sa kanilang plasa,0.2963,0.1111,0.8519,0.4444,0.0,,4.556,,1.63,3
19,0,10,70,Heto na ang larawan ni Meya idikit natin sa labas,0.3,0.1,1.0,0.5,0.0,,4.0,,1.5,0
19,0,5,71,ang wika ni aling Memay,0.4,0.0,1.0,0.4,0.0,,3.8,,1.6,0
19,0,8,72,subalit hindi pa rin nila nahanap si Memay,0.125,0.125,1.0,0.625,0.0,,4.375,,1.625,0
19,0,6,73,Iyak nang iyak parin si Maya,0.6667,0.0,1.0,0.8333,0.0,,3.833,,0.8333,0
19,0,6,74,Maya Maya gumising ka nananaginip ka,0.3333,0.3333,0.6667,0.6667,0.0,,5.167,,2.0,1
19,0,3,75,bakit kaba umiiyak,0.3333,0.3333,1.0,0.6667,0.0,,5.333,,1.667,0
19,0,5,76,Inay nawawala po si Meya,0.4,0.2,1.0,0.8,0.0,,4.0,,1.4,1
19,0,6,77,ang malungkot na sagot ni Maya,0.3333,0.0,1.0,0.5,0.0,,4.167,,1.5,1
19,0,7,78,saan mo ba iniwan ang iyong manika,0.1429,0.1429,1.0,0.4286,0.0,,4.0,,1.286,0
19,0,5,79,tanong naman ni aling Nena,0.4,0.0,1.0,0.6,0.0,,4.4,,2.0,0
19,0,5,80,hindi ko po alam Inay,0.2,0.2,1.0,0.8,0.0,,3.4,,1.2,0
19,0,4,81,dali-daling bumangon si Maya,0.25,0.25,1.0,0.75,0.0,,6.25,,2.25,1
19,0,8,82,lumabas ng kanyang silid at hinanap si Maya,0.25,0.25,1.0,0.5,0.0,,4.5,,1.375,0
19,0,15,83,pumunta siya sa sala sa kusina sa banyo at sa bahaging likuran ng kanilang bahay,0.3333,0.06667,0.8,0.4667,0.0,,4.4,,1.4,2
19,0,6,84,subalit wala talaga si Meya Manika,0.3333,0.1667,1.0,0.6667,0.0,,4.833,,1.833,0
19,0,12,85,Isipin mo nang mabuti Maya saan ka huling naglaro ng iyong manika,0.25,0.08333,1.0,0.5833,0.0,,4.5,,1.667,0
19,0,5,86,Tanong muli ni aling Memay,0.4,0.0,1.0,0.6,0.0,,4.4,,2.0,0
19,0,7,87,Kahapon po dito sa loob ng bahay,0.4286,0.0,1.0,0.5714,0.0,,3.714,,1.429,0
19,0,12,88,Miguel Marco hali nga kayo tawag ni aling Memay sa dalawang magkakapatid,0.4167,0.0,1.0,0.5833,0.0,,5.083,,2.0,2
19,0,5,89,lumapit kaagad sila at nagtanong,0.0,0.4,1.0,0.6,0.0,,5.6,,2.0,1
19,0,3,90,bakit po Inay,0.3333,0.0,1.0,0.6667,0.0,,3.667,,1.333,0
19,0,7,91,nakita niyo ba ang manika ni Maya,0.2857,0.1429,1.0,0.5714,0.0,,3.857,,1.571,0
19,0,8,92,hindi po magalang na sagot ni Kuya Miguel,0.375,0.0,1.0,0.75,0.0,,4.25,,1.625,1
19,0,2,93,Ikaw Marco,1.0,0.0,1.0,1.0,0.0,,4.5,,1.5,0
19,0,7,94,tanong naman ni aling Memay kay Marco,0.4286,0.0,1.0,0.5714,0.0,,4.429,,1.857,0
19,0,4,95,hindi rin po Inay,0.25,0.0,1.0,1.0,0.0,,3.5,,1.25,0
19,0,11,96,Isipin mo nang mabuti Maya saan mo inilagay ang iyong manika,0.2727,0.09091,0.9091,0.5455,0.0,,4.545,,1.545,0
19,0,22,97,Kahapon po pinapatulog ko po siya ah naaalala ko na po pinasok ko siya sa isang karton na ginawa kong kama niya,0.1818,0.1818,0.7273,0.5,0.0,,4.091,,1.455,1
19,0,7,98,dito ko po sa sahig nilapag kahapon,0.1429,0.1429,1.0,0.5714,0.0,,4.143,,1.571,0
19,0,7,99,Maligsing tugon ni Maya sa kanyang Inay,0.5714,0.0,1.0,0.5714,0.0,,4.714,,1.429,0
19,0,9,100,dali-daling tumalikod si aling Memay at nagtungo sa bodega,0.2222,0.2222,1.0,0.5556,0.0,,5.556,,2.111,2
19,0,5,101,ito ba na kahon Maya,0.4,0.0,1.0,0.6,0.0,,3.2,,1.2,0
19,0,3,102,Tanong ni Maya,0.6667,0.0,1.0,0.6667,0.0,,4.0,,1.667,0
19,0,5,103,Upo Inay yan nga po,0.4,0.0,1.0,0.8,0.0,,3.0,,0.8,0
19,0,5,104,Sabik na sagot ni Maya,0.6,0.0,1.0,0.6,0.0,,3.6,,1.0,0
19,0,7,105,Heto buksan mo wika ng kanyang inay,0.2857,0.1429,1.0,0.4286,0.0,,4.143,,1.429,0
19,0,18,106,nang buksan ni Maya nagningning ang kanyang mga mata nang makita sa loob ng kahon si Meya Manika,0.3333,0.1667,0.9444,0.6111,0.0,,4.389,,1.611,1
19,0,4,107,Maraming-maraming salamat po Inay,0.5,0.0,1.0,1.0,0.0,,7.5,,3.0,1
19,0,8,108,Niyakap nang mahigpit ni Maya si Meya Manika,0.5,0.0,1.0,0.75,0.0,,4.625,,1.625,0
19,0,6,109,Masayang-masaya din ang kanyang mga kapatid,0.3333,0.0,1.0,0.5,0.0,,6.333,,1.833,0
19,0,22,110,pinaalalahanan ni aling Memay ang kanyang mga anak na kapag kayo ay maglalaro siguraduhing iligpit sa tamang lalagyan ang inyong mga laruan,0.1818,0.1364,0.9091,0.4091,0.0,,5.364,,1.864,3
19,0,13,111,Pahalagahan ninyo ang ano mang bagay na nasa inyo wika ng kanilang Inay,0.3077,0.0,1.0,0.4615,0.0,,4.538,,1.692,2
19,0,15,112,Opo Inay patawad po nakalimutan kong iligpit ang aking manika malumanay na sagot ni Maya,0.3333,0.1333,1.0,0.6667,0.0,,4.933,,1.933,2
19,0,2,113,Opo Inay,1.0,0.0,1.0,1.0,0.0,,3.5,,1.0,0
19,0,7,114,sagot din ni Kuya Miguel at Marco,0.5714,0.0,1.0,0.7143,0.0,,3.857,,1.143,0
19,0,8,115,Hinalikan at niyaakap muli Maya si Meya Manika,0.5,0.125,1.0,0.75,0.0,,4.875,,1.625,1
19,0,7,0,si Maya ay pangalawa sa tatlong magkakapatid,0.2857,0.0,1.0,0.5714,0.0,,5.429,,1.857,2
19,0,9,1,nakatira sila sa abang tahanan ng Barangay San Isidro,0.4444,0.1111,1.0,0.6667,0.0,,5.0,,1.667,1
19,0,4,2,lungsod ng Heneral Santos,0.75,0.0,1.0,0.75,0.0,,5.5,,1.75,0
19,0,7,3,Mahilig maglaro si Maya sa kanyang manika,0.4286,0.1429,1.0,0.5714,0.0,,5.0,,1.714,0
19,0,6,4,na bigay ng kanyang Ante Anna,0.3333,0.1667,1.0,0.5,0.0,,4.0,,1.333,0
19,0,3,5,Araw ng Sabado,0.6667,0.0,1.0,0.6667,0.0,,4.0,,1.333,0
19,0,3,6,naglalaro ang magkakapatid,0.3333,0.3333,1.0,0.6667,0.0,,8.0,,3.333,2
19,0,2,7,Kuya Miguel,1.0,0.0,1.0,1.0,0.0,,5.0,,1.5,0
19,0,5,8,maglalaro tayo ng manika ko,0.2,0.2,1.0,0.4,0.0,,4.6,,2.0,1
19,0,7,9,tawag ni Maya sa kanyang nakatatandang kapatid,0.4286,0.0,1.0,0.5714,0.0,,5.714,,2.143,1
19,0,12,10,Bog #Bog #Bog sandali lamang naglalaro pa kami ni Marco ng basketball,0.4167,0.08333,0.9167,0.75,0.0,,4.833,,1.833,1
19,0,6,11,tugon naman ng kanyang Kuya Miguel,0.5,0.0,1.0,0.6667,0.0,,4.833,,1.667,0
19,0,1,12,Mmmmm,1.0,0.0,1.0,1.0,0.0,,5.0,,0.0,0
19,0,1,13,mmmmm,0.0,0.0,1.0,0.0,0.0,,5.0,,0.0,0
19,0,2,14,tulog na,0.5,0.0,1.0,0.5,0.0,,3.5,,1.5,0
19,0,2,15,Kuya Miguel,1.0,0.0,1.0,1.0,0.0,,5.0,,1.5,0
19,0,7,16,ipasa mo rin sa akin ang bola,0.1429,0.1429,1.0,0.4286,0.0,,3.286,,1.0,0
19,0,4,17,nakangiting sigaw ni Maya,0.5,0.25,1.0,0.75,0.0,,5.5,,2.0,1
19,0,1,18,eto,0.0,0.0,1.0,0.0,0.0,,3.0,,1.0,0
19,0,5,19,saluin mo ang bola Maya,0.4,0.2,1.0,0.6,0.0,,3.8,,1.2,0
19,0,1,20,Wow,1.0,0.0,1.0,1.0,0.0,,3.0,,1.0,0
19,0,5,21,ang galing mo Ate Maya,0.4,0.0,1.0,0.6,0.0,,3.6,,1.4,0
19,0,2,22,nasalo mo,0.0,0.5,1.0,0.5,0.0,,4.0,,1.5,0
19,0,6,23,papuri ni Marco sa kanyang ate,0.3333,0.0,1.0,0.3333,0.0,,4.167,,1.5,0
19,0,3,24,Mano po Inay,0.6667,0.0,1.0,1.0,0.0,,3.333,,1.333,0
19,0,4,25,patakbong lumapit ang magkakapatid,0.25,0.25,1.0,0.75,0.0,,7.75,,3.25,2
19,0,8,26,maaari po bang maglaro pa kami sa labas,0.0,0.25,1.0,0.75,0.0,,4.0,,1.625,0
19,0,1,27,Inay,1.0,0.0,1.0,1.0,0.0,,4.0,,1.0,0
19,0,1,28,O,1.0,0.0,1.0,1.0,0.0,,1.0,,0.0,0
19,0,3,29,sige mga anak,0.3333,0.0,1.0,0.3333,0.0,,3.667,,1.0,0
19,0,6,30,basta maging maingat at huwag mag-aaway,0.0,0.3333,1.0,0.6667,0.0,,5.667,,1.833,0
19,0,4,31,paalala ni aling Memay,0.5,0.0,1.0,0.5,0.0,,4.75,,2.0,0
19,0,2,32,Huli ka,0.5,0.0,1.0,0.5,0.0,,3.0,,1.5,0
19,0,1,33,Marco,1.0,0.0,1.0,1.0,0.0,,5.0,,2.0,0
19,0,5,34,ako naman habulin mo Marco,0.2,0.2,1.0,0.6,0.0,,4.4,,1.8,0
19,0,3,35,tugon ni Maya,0.6667,0.0,1.0,0.6667,0.0,,3.667,,1.333,0
19,0,2,36,Mag-iingat kayo,0.5,0.0,1.0,0.5,0.0,,7.0,,1.5,0
19,0,3,37,baka madapa kayo,0.0,0.3333,1.0,0.6667,0.0,,4.667,,2.0,0
19,0,5,38,paalala ng kanilang Kuya Miguel,0.6,0.0,1.0,0.6,0.0,,5.4,,2.2,1
19,0,2,39,sa kusina,0.5,0.0,1.0,0.5,0.0,,4.0,,1.0,0
19,0,7,40,inaayos ni aling Memay ang kanyang pinamili,0.1429,0.2857,1.0,0.4286,0.0,,5.286,,1.857,1
19,0,6,41,meron siyang mga prutas ; mangga,0.1667,0.3333,1.0,0.5,0.0,,4.5,,1.5,0
19,0,2,42,at mansanas,0.5,0.0,1.0,0.5,0.0,,5.0,,1.0,0
19,0,9,43,nagligpit siya ng mga kalat sa loob ng sala,0.2222,0.1111,0.8889,0.4444,0.0,,3.889,,1.111,0
19,0,7,44,itinabi ang kahon at ipinasok sa bodega,0.2857,0.2857,1.0,0.5714,0.0,,4.714,,1.571,0
19,0,2,45,matapos magluto,0.0,1.0,1.0,1.0,0.0,,7.0,,3.0,0
19,0,11,46,tinawag na niya ang kanyang mga anak upang kumain ng meryenda,0.1818,0.1818,1.0,0.3636,0.0,,4.636,,1.545,0
19,0,5,47,nandito na po kami Inay,0.2,0.2,1.0,0.6,0.0,,3.8,,1.6,0
19,0,3,48,bungad ni Maya,0.6667,0.0,1.0,0.6667,0.0,,4.0,,1.333,0
19,0,2,49,salamat po,0.0,0.0,1.0,1.0,0.0,,4.5,,1.5,0
19,0,1,50,Inay,1.0,0.0,1.0,1.0,0.0,,4.0,,1.0,0
19,0,3,51,nabusog po kami,0.0,0.3333,1.0,0.6667,0.0,,4.333,,1.667,0
19,0,5,52,Sabay sabi nina Kuya Miguel,0.6,0.2,1.0,0.8,0.0,,4.6,,1.4,0
19,0,3,53,Maya at Marco,0.6667,0.0,1.0,0.6667,0.0,,3.667,,1.0,0
19,0,2,54,magandang umaga,0.5,0.0,1.0,1.0,0.0,,7.0,,3.0,1
19,0,1,55,Maya,1.0,0.0,1.0,1.0,0.0,,4.0,,1.0,0
19,0,5,56,masayang bati ng kanyang manika,0.4,0.0,1.0,0.6,0.0,,5.4,,2.0,0
19,0,4,57,magandang umaga naman Meya,0.5,0.0,1.0,1.0,0.0,,5.75,,2.25,1
19,0,6,58,tugon ni Maya sa kanyang Manika,0.5,0.0,1.0,0.5,0.0,,4.333,,1.5,0
19,0,5,59,Halika maglaro tayo ng tagu-taguan,0.4,0.2,1.0,0.6,0.0,,6.0,,2.4,1
19,0,4,60,sambit ni Meya Manika,0.75,0.0,1.0,0.75,0.0,,4.5,,1.5,0
19,0,1,61,isa,0.0,0.0,1.0,0.0,0.0,,3.0,,0.0,0
19,0,1,62,dalawa,0.0,0.0,1.0,0.0,0.0,,6.0,,3.0,0
19,0,1,63,tatlo,0.0,0.0,1.0,0.0,0.0,,5.0,,2.0,0
19,0,2,64,magtago kana,0.0,0.5,1.0,1.0,0.0,,5.5,,2.5,0
19,0,6,65,hinanap ni Maya si Meya Manika,0.5,0.1667,1.0,0.6667,0.0,,4.167,,1.5,0
19,0,6,66,sumilip sya sa ilalim ng kama,0.1667,0.1667,1.0,0.5,0.0,,4.0,,1.167,0
19,0,2,67,Huli ka,0.5,0.0,1.0,0.5,0.0,,3.0,,1.5,0
19,0,11,68,pumunta naman siya sa kanang parte ng kanilang bahay ang sala,0.2727,0.09091,1.0,0.5455,0.0,,4.636,,1.727,1
19,0,6,69,tahimik at wala parin si Meya,0.3333,0.1667,1.0,0.6667,0.0,,4.0,,1.333,0
19,0,3,70,alam ko na,0.0,0.3333,1.0,0.3333,0.0,,2.667,,1.0,0
19,0,6,71,tinungo ni Maya ang silid nila,0.3333,0.1667,1.0,0.5,0.0,,4.167,,1.5,0
19,0,1,72,Meya,1.0,0.0,1.0,1.0,0.0,,4.0,,1.0,0
19,0,3,73,Meya nasaan ka,0.3333,0.0,1.0,0.6667,0.0,,4.0,,1.0,0
19,0,4,74,lumabas ito ng bahay,0.25,0.25,1.0,0.5,0.0,,4.25,,1.75,0
19,0,6,75,tiningnan sa likod ng kanilang bahay,0.3333,0.1667,1.0,0.5,0.0,,5.167,,2.167,2
19,0,5,76,sa ilalim ng mga tanim,0.2,0.0,1.0,0.4,0.0,,3.6,,1.2,0
19,0,6,77,gayon paman wala paring Meya Manika,0.5,0.1667,1.0,0.8333,0.0,,5.0,,2.0,0
19,0,1,78,Inay,1.0,0.0,1.0,1.0,0.0,,4.0,,1.0,0
19,0,1,79,Itay,1.0,0.0,1.0,1.0,0.0,,4.0,,1.0,0
19,0,4,80,nawawala po si Meya,0.25,0.25,1.0,0.75,0.0,,4.0,,1.5,1
19,0,6,81,naglalaro lang po kami ng tagu-taguan,0.1667,0.1667,1.0,0.6667,0.0,,5.333,,2.333,2
19,0,6,82,kanina ko pa po siya hinahanap,0.0,0.1667,1.0,0.6667,0.0,,4.167,,1.667,1
19,0,5,83,pero hindi ko siya mahanap,0.0,0.2,1.0,0.4,0.0,,4.4,,1.6,0
19,0,1,84,Huhuhuhu,1.0,0.0,1.0,1.0,0.0,,8.0,,4.0,1
19,0,4,85,tulungan po ninyo ako,0.0,0.25,1.0,0.5,0.0,,4.5,,1.5,0
19,0,4,86,hanapin natin si Meya,0.25,0.25,1.0,0.5,0.0,,4.5,,1.5,0
19,0,5,87,huwag ka nang umiyak Maya,0.2,0.2,1.0,0.8,0.0,,4.2,,1.4,0
19,0,3,88,tutulungan ka naming,0.0,0.3333,1.0,0.3333,0.0,,6.0,,2.667,1
19,0,17,89,nagmungkahi ang kanyang Inay na si aling Memay na mag imprinta sila ng larawan ni Meya Manika,0.3529,0.1176,0.9412,0.4706,0.0,,4.529,,1.647,1
19,0,10,90,ipaskil sa labas ng kanilang bahay at sa kanilang plasa,0.2,0.1,0.8,0.4,0.0,,4.6,,1.6,2
19,0,6,91,Heto na ang larawan ni Meya,0.5,0.0,1.0,0.5,0.0,,3.667,,1.5,0
19,0,4,92,idikit natin sa labas,0.0,0.25,1.0,0.5,0.0,,4.5,,1.5,0
19,0,1,93,Maya,1.0,0.0,1.0,1.0,0.0,,4.0,,1.0,0
19,0,1,94,Maya,1.0,0.0,1.0,1.0,0.0,,4.0,,1.0,0
19,0,2,95,gumising ka,0.0,0.5,1.0,0.5,0.0,,5.0,,2.0,0
19,0,2,96,nananaginip ka,0.0,0.5,1.0,0.5,0.0,,6.5,,3.0,1
19,0,4,97,hindi ko po alam,0.0,0.25,1.0,0.75,0.0,,3.25,,1.25,0
19,0,1,98,Inay,1.0,0.0,1.0,1.0,0.0,,4.0,,1.0,0
19,0,4,99,pumunta siya sa sala,0.25,0.25,1.0,0.5,0.0,,4.25,,1.0,0
19,0,2,100,sa kusina,0.5,0.0,1.0,0.5,0.0,,4.0,,1.0,0
19,0,2,101,sa banyo,0.5,0.0,1.0,0.5,0.0,,3.5,,0.5,0
19,0,7,102,at sa bahaging likuran ng kanilang bahay,0.2857,0.0,1.0,0.4286,0.0,,4.857,,2.0,2
19,0,5,103,Isipin mo nang mabuti Maya,0.4,0.0,1.0,0.8,0.0,,4.4,,1.6,0
19,0,7,104,saan ka huling naglaro ng iyong manika,0.1429,0.1429,1.0,0.4286,0.0,,4.571,,1.714,0
19,0,1,105,Miguel,1.0,0.0,1.0,1.0,0.0,,6.0,,2.0,0
19,0,1,106,Marco,1.0,0.0,1.0,1.0,0.0,,5.0,,2.0,0
19,0,3,107,hali nga kayo,0.0,0.0,1.0,0.3333,0.0,,3.667,,1.333,0
19,0,7,108,tawag ni aling Memay sa dalawang magkakapatid,0.4286,0.0,1.0,0.5714,0.0,,5.571,,2.286,2
19,0,2,109,hindi po,0.0,0.0,1.0,1.0,0.0,,3.5,,1.5,0
19,0,6,110,magalang na sagot ni Kuya Miguel,0.5,0.0,1.0,0.6667,0.0,,4.5,,1.667,1
19,0,3,111,hindi rin po,0.0,0.0,1.0,1.0,0.0,,3.333,,1.333,0
19,0,1,112,Inay,1.0,0.0,1.0,1.0,0.0,,4.0,,1.0,0
19,0,5,113,Isipin mo nang mabuti Maya,0.4,0.0,1.0,0.8,0.0,,4.4,,1.6,0
19,0,6,114,saan mo inilagay ang iyong manika,0.1667,0.1667,1.0,0.3333,0.0,,4.667,,1.5,0
19,0,6,115,Kahapon po pinapatulog ko po siya,0.1667,0.1667,0.8333,0.6667,0.0,,4.667,,1.833,1
19,0,1,116,ah,1.0,0.0,1.0,1.0,0.0,,2.0,,0.0,0
19,0,15,117,naaalala ko na po pinasok ko siya sa isang karton na ginawa kong kama niya,0.1333,0.2,0.8667,0.4,0.0,,4.0,,1.4,0
19,0,5,118,dali-daling tumalikod si aling Memay,0.2,0.2,1.0,0.6,0.0,,6.4,,2.6,2
19,0,4,119,at nagtungo sa bodega,0.25,0.25,1.0,0.5,0.0,,4.5,,1.5,0
19,0,1,120,Upo,1.0,0.0,1.0,1.0,0.0,,3.0,,1.0,0
19,0,4,121,Inay yan nga po,0.25,0.0,1.0,0.75,0.0,,3.0,,0.75,0
19,0,1,122,Heto,1.0,0.0,1.0,1.0,0.0,,4.0,,2.0,0
19,0,2,123,buksan mo,0.0,0.5,1.0,0.5,0.0,,4.0,,1.0,0
19,0,4,124,wika ng kanyang inay,0.25,0.0,1.0,0.25,0.0,,4.25,,1.5,0
19,0,4,125,nang buksan ni Maya,0.25,0.25,1.0,0.75,0.0,,4.0,,1.25,0
19,0,14,126,nagningning ang kanyang mga mata nang makita sa loob ng kahon si Meya Manika,0.3571,0.1429,1.0,0.5714,0.0,,4.5,,1.714,1
19,0,9,127,pinaalalahanan ni aling Memay ang kanyang mga anak na,0.2222,0.1111,1.0,0.3333,0.0,,5.0,,1.889,1
19,0,4,128,kapag kayo ay maglalaro,0.0,0.25,1.0,0.25,0.0,,5.0,,1.75,1
19,0,9,129,siguraduhing iligpit sa tamang lalagyan ang inyong mga laruan,0.2222,0.1111,1.0,0.5556,0.0,,5.889,,1.889,1
19,0,9,130,Pahalagahan ninyo ang ano mang bagay na nasa inyo,0.2222,0.0,1.0,0.4444,0.0,,4.556,,1.556,1
19,0,4,131,wika ng kanilang Inay,0.5,0.0,1.0,0.5,0.0,,4.5,,2.0,1
19,0,2,132,Opo Inay,1.0,0.0,1.0,1.0,0.0,,3.5,,1.0,0
19,0,2,133,patawad po,0.0,0.0,1.0,1.0,0.0,,4.5,,2.0,0
19,0,6,134,nakalimutan kong iligpit ang aking manika,0.1667,0.3333,1.0,0.5,0.0,,6.0,,2.5,1
19,0,5,135,malumanay na sagot ni Maya,0.4,0.0,1.0,0.6,0.0,,4.4,,1.6,1
